Map_Type,Wrapper_Addr,Size_X,Size_Y,Axis_X_Addr,Axis_Y_Addr,Map_Z_Addr
2d,00000078,9,1,0009000B,0,0009FFFF
2d,00000360,15,1,00000D64,0,00000E08
2d,00001044,15,1,000006FC,0,000FFFF8
2d,00002F3C,9,1,0009000B,0,0009FFFF
2d,00008110,11,1,0000860C,0,00008698
2d,00008530,9,1,0000805C,0,0000806C
2d,000099D8,11,1,0000A4C4,0,0000A4F0
2d,00009F0C,11,1,0000A340,0,0000A344
3d,0000A064,9,9,0000A030,0000A0B6,0000A15C
2d,0000A60C,9,1,0009000B,0,0009FFFF
3d,0000A644,9,9,00090009,00090009,000B0009
3d,0000A674,9,9,00090009,00090009,000B0009
2d,0000AE94,9,1,0009480B,0,0009D23E
2d,0000B170,9,1,0000D838,0,00014CA6
2d,0000B1E8,2,1,00020772,0,00020776
2d,0000B1F4,2,1,00010E00,0,0001FE3C
2d,0000B200,2,1,0001FD0C,0,0001FD10
2d,0000C998,9,1,0009B1CA,0,0009B1E7
2d,0000C9A4,9,1,0009B1F0,0,0009B1FC
2d,0000C9B0,9,1,0009B285,0,0009B2C7
3d,0000CB60,9,11,0009000B,0009000B,0009F42C
2d,0000CD84,9,1,0009000B,0,00099485
2d,00010270,5,1,00008160,0,0000A588
2d,00010754,8,1,00009858,0,0000986C
2d,000121D0,9,1,0000F7FF,0,0001105C
2d,0001594C,8,1,00015B60,0,0001CB68
3d,00015B08,4,4,00040000,00010002,00040008
2d,00015B78,3,1,0000B160,0,00030000
2d,00015D90,2,1,000219F4,0,00056D64
2d,00015D9C,2,1,000219F8,0,000219FC
2d,00016308,9,1,0009000B,0,0009E701
2d,0001644C,8,1,0000BBF8,0,00015ECC
2d,00017110,8,1,0001A168,0,0001A292
2d,0001752C,15,1,0000C000,0,0000FFFF
2d,000178E0,128,1,00018EDE,0,000192F0
2d,00017C48,15,1,00019A24,0,000FECD8
2d,00017F38,15,1,00018E60,0,00018EDE
3d,00018630,11,9,000FB0FC,000FEE68,000FEF30
2d,0001866C,15,1,00016F3C,0,00016F62
2d,00018884,9,1,00018E60,0,00018E70
2d,000188B8,15,1,000197F2,0,000FEDA0
2d,0001AC04,8,1,0000FFFE,0,0001CC68
2d,0001AF68,10,1,0001CB08,0,000A01FA
2d,0001C054,10,1,0001CC50,0,0001CC5C
3d,0001CB68,2,3,00015CAC,00010004,00016126
2d,0001CB78,3,1,00017D84,0,00030003
3d,0001CB88,3,2,000172F4,00030002,0003BF34
2d,0001CBA4,8,1,000838B8,0,000838CE
2d,0001CBB8,8,1,000838B8,0,000838CE
2d,0001CBCC,8,1,000838FE,0,00083914
2d,0001CBE0,8,1,000838FE,0,00083914
2d,0001CBF4,8,1,00083932,0,00083946
2d,0001CC08,8,1,00083932,0,00083946
2d,0001CCD4,3,1,0002D716,0,00031A3E
2d,0001CF68,3,1,0002F428,0,00030FAC
2d,0001CF74,3,1,0002F67C,0,00030CF0
2d,0001CF80,3,1,0002F910,0,0002FE28
2d,0001CF90,9,1,0002CEB8,0,00074860
2d,0001CFA0,2,1,0002D9F4,0,0002DB50
2d,0001CFB0,7,1,0002B6D4,0,0005C5D0
2d,0001CFC0,2,1,0002B2B8,0,0002D3CC
2d,0001CFCC,7,1,000855B0,0,00085620
2d,0001CFDC,7,1,00067490,0,000760F8
2d,0001CFE8,6,1,0002D6F0,0,0002D72C
2d,0001CFF4,2,1,0002D934,0,0002DAE8
2d,0001D000,2,1,0002AFA0,0,0002CFFC
2d,0001D014,2,1,000254CC,0,0002DA3C
2d,0001D020,2,1,0002D0A4,0,0002D2B0
2d,0001D02C,6,1,00054B44,0,00061F38
2d,0001D038,7,1,0007AFCC,0,0007BCE4
2d,0001D044,7,1,0007C868,0,0007C8A0
2d,0001D054,8,1,00038634,0,00038F04
2d,0001D060,3,1,000364AC,0,00036640
2d,0001D06C,8,1,00036214,0,00036690
2d,0001D078,3,1,000369DC,0,00036A50
2d,0001D08C,3,1,00036788,0,00036CEC
2d,0001D098,3,1,000389B0,0,00038CD4
2d,0001D0A4,3,1,00039394,0,00039504
2d,0001D30C,3,1,00035F04,0,00037D10
2d,0001D318,3,1,000383EC,0,00038480
2d,0001D324,3,1,00038C04,0,00039468
2d,0001D334,8,1,000372EC,0,00039300
2d,0001D34C,3,1,0003767C,0,00039544
2d,0001D358,3,1,00036F90,0,00038698
2d,0001D36C,3,1,0003777C,0,00037A68
2d,0001D378,3,1,000758D8,0,00079BF4
2d,0001D38C,5,1,0005556C,0,00056C14
2d,0001D3AC,5,1,00041DAC,0,00041FDC
2d,0001D3BC,8,1,00042078,0,00044CCC
2d,0001D3CC,7,1,0007B4B0,0,0007B850
2d,0001D3D8,7,1,00047784,0,0007B790
2d,0001D3E4,7,1,000471C8,0,0007B214
2d,0001D3F4,8,1,000415D4,0,00043AFC
2d,0001D400,4,1,00043D24,0,000448F8
2d,0001D40C,4,1,00042E18,0,00055FA8
2d,0001D41C,5,1,00045558,0,000456A8
2d,0001D434,4,1,00041368,0,00047C6C
2d,0001D444,4,1,00040344,0,000404B8
2d,0001D45C,4,1,00040694,0,00040C18
2d,0001D468,4,1,00044298,0,000454D0
2d,0001D47C,4,1,0004192C,0,00046670
2d,0001D6DC,4,1,00043888,0,00043C68
2d,0001D6EC,4,1,000455D8,0,00046478
2d,0001D6FC,4,1,0004380C,0,00043B54
2d,0001D708,4,1,0004550C,0,000463FC
2d,0001D718,4,1,00043790,0,00043A40
2d,0001D728,4,1,00042AD0,0,00046AF0
2d,0001D738,4,1,00043E90,0,00043ED0
2d,0001D744,4,1,00045918,0,00045958
2d,0001D750,4,1,00046C7C,0,00046CBC
2d,0001D75C,4,1,00044020,0,00044060
2d,0001D768,4,1,00045A54,0,00045A94
2d,0001D774,4,1,00046E30,0,00046E70
2d,0001D780,4,1,000441B0,0,000441F0
2d,0001D790,4,1,00040504,0,00052984
2d,0001D7AC,5,1,00042108,0,0004340C
2d,0001D7B8,4,1,0007C6DC,0,0007CA90
2d,0001D7C4,8,1,0007CFC0,0,0007F7DC
2d,0001D7D0,7,1,000470BC,0,00084060
2d,0001D7E0,3,1,000320A0,0,00032C0C
2d,0001D7F4,3,1,00032114,0,00032B34
2d,0001D804,3,1,0003268C,0,0005B8A4
2d,0001D814,5,1,0003DED8,0,0003F370
2d,0001D820,3,1,0003E09C,0,0003EE7C
2d,0001D82C,3,1,0003C050,0,0003FA6C
2d,0001D838,7,1,00032D58,0,00033210
2d,0001D848,3,1,00033470,0,00086B28
2d,0001DAA4,9,1,00048550,0,00049B48
2d,0001DAB0,4,1,000490DC,0,00080C20
2d,0001DAC0,6,1,00048504,0,0004A4F0
2d,0001DACC,4,1,0004A25C,0,00061ED8
2d,0001DAD8,6,1,00074EE0,0,0007E314
2d,0001DAE8,7,1,0004811C,0,00049468
2d,0001DAF8,7,1,0002E5C8,0,0002E7B8
2d,0001DB04,3,1,00039658,0,0003AA4C
2d,0001DB14,7,1,00039E9C,0,0003A5C0
2d,0001DB20,3,1,00084BE8,0,0008643C
2d,0001DB2C,8,1,00021E50,0,00021F58
2d,0001DB3C,2,1,00021AB4,0,00021C9C
2d,0001DB4C,2,1,0002DDD8,0,00054D14
2d,0001DB58,6,1,000352C4,0,0004B1C0
2d,0001DB68,3,1,00035524,0,0004B008
2d,0001DB7C,3,1,00034B20,0,00035844
2d,0001DB88,3,1,0006E668,0,0006E780
2d,0001DB94,6,1,0004BFC0,0,0007494C
2d,0001DBA0,7,1,0007A910,0,0007AD0C
2d,0001DBB0,8,1,000816F0,0,0008517C
2d,0001DBC0,2,1,000235DC,0,00024E9C
2d,0001DBD4,2,1,000236D0,0,00024CA8
2d,0001DBE8,2,1,00023EC4,0,00023FB4
2d,0001DBFC,2,1,00024040,0,0004CD20
2d,0001DC08,4,1,0004C6B0,0,0004C804
2d,0001DC14,2,1,00024A98,0,00047DDC
2d,0001DE74,9,1,00059958,0,00059D6C
2d,0001DE80,5,1,00059F98,0,0005A158
2d,0001DE90,6,1,0005A2A4,0,0005A30C
2d,0001DE9C,5,1,0005A4A4,0,0005A518
2d,0001DEA8,5,1,0005A6AC,0,00076154
2d,0001DEBC,5,1,0004A684,0,00067E18
2d,0001DEC8,4,1,0005A8B8,0,0005A97C
2d,0001DED4,5,1,00059A7C,0,00081B08
2d,0001DEE4,7,1,00059DA0,0,0005AC7C
2d,0001DEF4,7,1,000599DC,0,00068914
2d,0001DF04,8,1,000576DC,0,00057750
2d,0001DF18,5,1,000577A4,0,0006231C
2d,0001DF24,5,1,00057CA0,0,00057D58
2d,0001DF34,7,1,00057E0C,0,000697A4
2d,0001DF44,6,1,00058028,0,000580E0
2d,0001DF50,5,1,000582F4,0,00058340
2d,0001DF5C,5,1,00058450,0,00058508
2d,0001DF68,5,1,000585FC,0,00058734
2d,0001DF74,5,1,00058B24,0,00058D80
2d,0001DF80,5,1,00059060,0,000590E4
2d,0001DF8C,5,1,0005B2C0,0,0005B418
2d,0001DF98,5,1,0005B4B8,0,0005B678
2d,0001DFA4,5,1,0005B58C,0,0005B710
2d,0001DFB0,6,1,00069970,0,00069A40
2d,0001DFBC,6,1,000698FC,0,00069B3C
2d,0001DFCC,6,1,00061E94,0,000688C8
2d,0001DFD8,6,1,0006AD00,0,0006EABC
2d,0001DFE4,7,1,00075578,0,00075730
2d,0001DFF0,7,1,0007908C,0,00079584
3d,0001E210,11,9,00079284,00079A50,0007A054
2d,0001E224,7,1,0007A670,0,0007B078
2d,0001E234,7,1,0007C4B4,0,0007C768
2d,0001E244,7,1,0007EAC8,0,0007ED54
2d,0001E254,8,1,00081200,0,00081B54
2d,0001E260,8,1,00083B5C,0,00083C28
2d,0001E26C,8,1,00083D8C,0,00085578
2d,0001E278,8,1,00085ADC,0,000860B0
2d,0001E284,8,1,0006B25C,0,000A0061
2d,0001E290,5,1,0004CD88,0,00074140
2d,0001E2A0,6,1,0005CD1C,0,0005E0B8
2d,0001E2AC,5,1,00056E3C,0,0006A0D0
2d,0001E2B8,5,1,00062584,0,00068DA8
2d,0001E2C4,6,1,00078DF0,0,00083620
2d,0001E2D0,8,1,0004CD78,0,00090802
2d,0001E2E4,5,1,00052DD4,0,0005466C
2d,0001E2F0,5,1,00054510,0,00069E90
2d,0001E308,5,1,00053770,0,00054604
2d,0001E314,5,1,000529E4,0,00053DDC
2d,0001E320,5,1,00031038,0,0007C668
2d,0001E338,2,1,0002F430,0,00083988
2d,0001E360,4,1,00057B6C,0,0007C770
2d,0001E55C,11,1,0000B5FA,0,0002FD56
2d,0001E5A0,2,1,0007AF04,0,0007AF4C
2d,0001E5AC,5,1,00057A4C,0,000A0061
2d,0001E5D0,2,1,000256F4,0,0003C058
2d,0001E5DC,9,1,00025A48,0,0006EC3C
2d,0001E5F4,3,1,00032D6E,0,00086D2C
2d,0001E604,4,1,0002E7C0,0,00039AE4
2d,0001E610,3,1,0005A8C6,0,0005B470
2d,0001E61C,5,1,0005B680,0,0006BEF0
2d,0001E62C,7,1,0006DB80,0,00090684
2d,0001E8A0,2,1,0002B410,0,00081F1C
2d,0001E8B4,3,1,00035EB8,0,00036CF0
2d,0001E8C4,3,1,00036864,0,00036D54
2d,0001E8D0,7,1,0003644C,0,000364BC
2d,0001E8E0,8,1,0003621C,0,00038F08
2d,0001E8EC,3,1,00038908,0,00038DA4
2d,0001E8FC,3,1,00035F0E,0,00037BC8
2d,0001E908,3,1,00037F28,0,00038534
2d,0001E914,3,1,000383FC,0,00038484
2d,0001E924,7,1,000449B4,0,00046F18
2d,0001E930,4,1,00043684,0,00043760
2d,0001E940,5,1,00042E70,0,00043730
2d,0001E950,4,1,00041BE8,0,00041CDC
2d,0001E95C,4,1,00041C88,0,00082020
2d,0001E968,4,1,000420E0,0,00042EC2
2d,0001E978,4,1,00040664,0,0008406A
2d,0001E988,4,1,0004623C,0,00046F48
2d,0001E994,4,1,00046250,0,000463C4
2d,0001E9A0,7,1,00044A40,0,000451DC
2d,0001E9AC,4,1,00044AB4,0,00044AE8
2d,0001E9B8,4,1,000529B8,0,0007CA9A
2d,0001E9C4,4,1,00041BB4,0,00043A0C
2d,0001E9D0,4,1,000437D8,0,000461D8
2d,0001E9E4,4,1,00046444,0,0007BA44
2d,0001E9F4,7,1,0005BDE4,0,0006AC24
2d,0001EA04,7,1,0004A0A0,0,0004A178
2d,0001EA10,4,1,00048508,0,0004A5D4
2d,0001EA88,4,1,0004A286,0,00061EE0
2d,0001EA98,8,1,00062328,0,0006AD08
2d,0001EAA4,8,1,00074BAC,0,00083C30
2d,0001EAB4,8,1,0005E984,0,000615F4
2d,0001ED20,2,1,00074860,0,00084178
2d,0001ED30,2,1,00025828,0,00025886
2d,0001ED40,2,1,0002BF12,0,0002C028
2d,0001ED50,2,1,0002529C,0,0002DAE8
2d,0001ED5C,2,1,0002D93C,0,0002DB66
2d,0001ED6C,2,1,0002C872,0,0002C924
2d,0001ED78,2,1,0002C99E,0,0006DB50
2d,0001ED84,5,1,00061F92,0,0007A8BC
2d,0001ED90,8,1,0006ED2C,0,000855B8
2d,0001ED9C,8,1,0002C9F0,0,0007CC40
2d,0001EDA8,7,1,0007CBF8,0,0007CC8C
2d,0001EDB4,7,1,0007CE30,0,0007CF20
2d,0001EDC8,8,1,0007CFDE,0,00080A38
2d,0001EDD4,7,1,0007D974,0,0007F8FC
2d,0001EDE8,5,1,00055FFC,0,00056A48
2d,0001EDF4,5,1,000551DA,0,000565C8
2d,0001EE00,5,1,000553CE,0,00056714
2d,0001EE10,5,1,00055B02,0,00055CA8
2d,0001EE1C,5,1,00055586,0,00056CBC
2d,0001EE28,5,1,00041ED2,0,0007B6E6
2d,0001EE38,4,1,000431B8,0,000840DC
2d,0001EE48,3,1,000320B0,0,0003281E
2d,0001EE58,5,1,0003FA7A,0,0006DB14
2d,0001EE64,4,1,00048534,0,00080DC8
2d,0001EE70,4,1,00048744,0,00080D98
2d,0001EE80,4,1,000490F0,0,0007E33C
2d,0001F0C0,7,1,00049478,0,00049BB0
2d,0001F0CC,6,1,0002EB9C,0,0002EC98
2d,0001F0D8,2,1,0002E5E4,0,0003BECC
2d,0001F0E8,3,1,0003AA74,0,0003B0C4
2d,0001F0FC,7,1,00039EB4,0,0003BA9C
2d,0001F10C,8,1,0008474C,0,00084B94
2d,0001F124,2,1,00021E5C,0,00021F94
2d,0001F13C,2,1,00021ABC,0,00021CA8
2d,0001F148,2,1,00054D2E,0,00068A36
2d,0001F15C,4,1,0002F680,0,0003061C
2d,0001F168,2,1,0002F764,0,00078E94
2d,0001F178,7,1,0007C5FC,0,00083D50
2d,0001F188,5,1,0005A31C,0,0005A6B4
2d,0001F198,8,1,000576E4,0,00058190
2d,0001F1A8,5,1,000577C0,0,0005B2D8
2d,0001F1B8,5,1,0004A648,0,000579A8
2d,0001F1C8,6,1,00067E20,0,000688D0
2d,0001F1D4,6,1,000754B8,0,0007615C
2d,0001F1E0,6,1,0007A08C,0,0007A364
2d,0001F1EC,7,1,0007C510,0,0007EAD0
2d,0001F1F8,7,1,0005812A,0,00086080
2d,0001F20C,8,1,0006B674,0,000A0061
2d,0001F398,7,1,00068DE0,0,00069328
2d,0001F3A4,5,1,0005EAB8,0,0005EB48
2d,0001F3B0,6,1,00082C96,0,00090684
2d,0001F3C0,2,1,0002AFBC,0,0002B864
2d,0001F3CC,6,1,00040304,0,0007B1E0
2d,0001F3DC,8,1,000402D0,0,0007B164
2d,0001F3F0,3,1,000334A0,0,000751B0
2d,0001F408,4,1,0002F930,0,00067A1C
2d,0001F418,5,1,0004A6F0,0,0004AA14
2d,0001F42C,5,1,00058268,0,000582FC
2d,0001F438,5,1,0005854C,0,00058E92
2d,0001F444,5,1,0005763E,0,000587A0
2d,0001F450,7,1,00074FEC,0,00075584
2d,0001F45C,7,1,0007B0AC,0,000839FE
2d,0001F63C,2,1,00025244,0,0007C8A8
2d,0001F648,6,1,000674E6,0,00076100
2d,0001F654,7,1,0007C838,0,0007C870
2d,0001F660,4,1,000440A0,0,00044230
2d,0001F66C,4,1,00046CFC,0,00046EB0
2d,0001F67C,3,1,00033EE2,0,0003BFD8
2d,0001F688,3,1,00034AB4,0,0007AEE0
2d,0001F698,7,1,0007AD16,0,000851B2
2d,0001F6AC,6,1,0005A744,0,0007E9E4
2d,0001F6B8,7,1,00058510,0,000868C0
2d,0001F6C4,6,1,000697AC,0,0007EC40
2d,0001F6D8,8,1,00081208,0,00085580
2d,0001F6E4,8,1,0006DBA2,0,00084044
2d,0001F6FC,5,1,00052DE6,0,0005467C
2d,0001F708,5,1,00053C66,0,0005452E
2d,0001F71C,6,1,000539D8,0,0005479A
2d,0001F728,5,1,00054284,0,00054390
2d,0001F738,5,1,00052FCC,0,00054058
2d,0001F744,5,1,00052A2C,0,00054128
2d,0001F994,2,1,0002C392,0,0002C3CA
2d,0001F9A0,2,1,0002CADE,0,0002CB18
2d,0001F9B0,7,1,00025E80,0,0006ED6A
2d,0001F9C4,3,1,000369EA,0,00036CC4
2d,0001F9D0,3,1,00035C70,0,00036910
2d,0001F9E0,3,1,00036BDC,0,000389B8
2d,0001F9F0,3,1,000366A8,0,000367B2
2d,0001F9FC,5,1,0005516C,0,0005699C
2d,0001FA0C,5,1,000552C4,0,000566B0
2d,0001FA1C,5,1,000554B8,0,000567FC
2d,0001FA28,4,1,00032B3C,0,000345B0
2d,0001FA34,3,1,000340C0,0,000396A2
2d,0001FA48,2,1,0002DFBE,0,00068C88
2d,0001FA54,8,1,0002371C,0,00024ECC
2d,0001FA64,3,1,00030D0E,0,00078FBE
2d,0001FA78,5,1,0005A174,0,0005ACAA
2d,0001FA84,5,1,00059DC8,0,00068788
2d,0001FA90,5,1,00059D6C,0,00068542
2d,0001FA9C,6,1,00067DF0,0,0006891C
2d,0001FAB4,5,1,00058034,0,000590EC
2d,0001FAC8,5,1,00057758,0,000598F8
2d,0001FAD4,5,1,000699D0,0,00069A0C
2d,0001FAE0,6,1,0006993C,0,00069978
2d,0001FAEC,7,1,00069A88,0,0006EAC4
2d,0001FB04,5,1,00052EE8,0,00054938
2d,0001FD14,6,1,0003DF6A,0,0003FB3E
2d,0001FD20,4,1,0006E544,0,00086628
2d,0001FD2C,3,1,0003525C,0,0006E5B8
2d,0001FD38,3,1,0004B056,0,0006E6B8
2d,0001FD48,5,1,0003503C,0,000351E4
2d,0001FD5C,3,1,00034B30,0,00035B38
2d,0001FD70,2,1,0002319E,0,000810D6
2d,0001FD7C,2,1,000244D2,0,0002464E
2d,0001FD8C,7,1,00067174,0,0008362C
2d,0001FD98,2,1,00023632,0,0002D2C0
2d,0001FDA4,7,1,0002B6D4,0,0007BD46
2d,0001FDB8,3,1,0003C0FC,0,0007A7F8
2d,0001FDCC,2,1,000230A8,0,00023ED4
2d,0001FDE0,2,1,0002407E,0,0004CBCC
2d,0001FDEC,4,1,000242A4,0,00024ACA
2d,0001FDF8,6,1,00067BCA,0,00067C9C
2d,0001FE04,5,1,00057E14,0,0006C658
2d,0001FE10,7,1,0007B080,0,0007C4BC
2d,0001FE1C,6,1,0006A44E,0,00078E00
2d,0001FE30,2,1,0008721C,0,0008727C
2d,00020090,2,1,0002B67C,0,0002B6BA
2d,000200A4,2,1,0002B3BC,0,00081C68
2d,000200B0,2,1,0002D22C,0,0007CA34
2d,000200BC,7,1,00038672,0,00038F9E
2d,000200CC,3,1,00036A30,0,00036A6C
2d,000200D8,3,1,00036D30,0,00036D68
2d,000200E8,3,1,00035CB2,0,000390A0
2d,000200F4,3,1,00037DCC,0,00037EBE
2d,00020104,3,1,00037CCA,0,00038494
2d,00020114,8,1,000375E2,0,00039364
2d,00020124,3,1,000361C2,0,000379FA
2d,00020130,3,1,000376B6,0,000395FC
2d,0002013C,3,1,00037046,0,0003877E
2d,00020150,3,1,00037834,0,00038C38
2d,00020164,3,1,00035E1A,0,000372A6
2d,00020170,3,1,00037AC4,0,00037B8E
2d,00020180,5,1,00044A18,0,00055350
2d,00020194,5,1,00041EBC,0,0004203C
2d,000201A0,4,1,00040484,0,00047048
2d,000201AC,4,1,000470A4,0,0005688A
2d,000201B8,5,1,00047018,0,00081A12
2d,000201C8,4,1,00044C3C,0,00047B0A
2d,000201D8,7,1,000474BA,0,00084272
2d,000201E4,7,1,00040254,0,00041614
2d,000201F0,4,1,00043C48,0,00043D5C
2d,000201FC,4,1,00041B8C,0,00042E50
2d,00020454,9,1,000456FE,0,00045856
2d,00020468,4,1,00041596,0,00047D18
2d,00020478,4,1,000403BA,0,000404E6
2d,0002048C,4,1,00040A56,0,00045100
2d,000204A8,4,1,0004444C,0,000454F4
2d,000204C8,4,1,000419D6,0,00046694
2d,000204D8,4,1,00046518,0,00046976
2d,000204E8,4,1,000438AC,0,00043CE2
2d,000204F8,4,1,00045636,0,0004649C
2d,00020508,4,1,00043830,0,00043BCE
2d,00020514,4,1,0004553E,0,00046420
2d,00020524,4,1,000437B4,0,00043ABA
2d,00020534,4,1,00042C70,0,00046B14
2d,00020544,4,1,00043EB4,0,00043F3C
2d,00020550,4,1,0004593C,0,00045998
2d,0002055C,4,1,00046CA0,0,00046D28
2d,00020570,4,1,00043FE4,0,00045A78
2d,0002057C,4,1,00045A22,0,00046E54
2d,0002058C,4,1,000441D4,0,0004425C
2d,00020598,4,1,000405FC,0,0007D906
2d,000205C0,3,1,0003241C,0,0003E05A
2d,000205D0,3,1,0003DB96,0,0003EE0A
2d,000206B4,3,1,00033F38,0,0003414E
2d,000206C0,3,1,00086BEA,0,00086FD0
2d,000206D0,3,1,0002F6F4,0,0005A0F8
2d,000206E0,8,1,0000BEF6,0,00016212
3d,00020774,9,11,0009000B,0009000B,000901B0
2d,00020794,5,1,000162CC,0,0003DC5C
2d,000209E8,9,1,000257EC,0,0002BE34
2d,000209F4,7,1,0002C550,0,0002C7EA
2d,00020A08,2,1,00025604,0,0002B3D0
2d,00020A18,8,1,00025650,0,00035CD4
2d,00020A24,3,1,00037D70,0,00037E14
2d,00020A34,8,1,00037330,0,000391EC
2d,00020A40,3,1,0003794E,0,00038E64
2d,00020A4C,3,1,00037680,0,00039548
2d,00020A58,3,1,00036F9E,0,000386A8
2d,00020A74,3,1,00037128,0,00037A76
2d,00020A80,3,1,000449E4,0,00055332
2d,00020A98,4,1,000403EC,0,00040470
2d,00020AA4,4,1,00047060,0,0004708C
2d,00020AB4,8,1,00042082,0,00081F4C
2d,00020AC0,4,1,00044B18,0,0007BC82
2d,00020AD4,7,1,000471EA,0,000841E8
2d,00020AE0,4,1,00043B04,0,00043C18
2d,00020AF0,4,1,00041B5C,0,00042E20
2d,00020AFC,4,1,000456B0,0,00045808
2d,00020B10,4,1,0004151C,0,00047C78
2d,00020B20,4,1,0004034C,0,000404C8
2d,00020B34,8,1,00047528,0,0007B230
2d,00020B40,4,1,000406E0,0,0007D814
2d,00020B4C,7,1,00056860,0,000678F0
2d,00020DA4,4,1,00045204,0,00056B94
2d,00020DB0,4,1,000464FC,0,00067988
2d,00020DC0,4,1,00045730,0,000468F8
2d,00020DCC,4,1,000455E0,0,00046480
2d,00020DD8,4,1,00045514,0,00046404
2d,00020DF0,4,1,000442AC,0,0005642A
2d,00020E00,4,1,00041936,0,0005537A
2d,00020E0C,4,1,00043890,0,000679CC
2d,00020E18,4,1,00043814,0,00043B5E
2d,00020E28,4,1,0004052A,0,00042D9C
2d,00020E3C,4,1,00032BAC,0,00032BE0
2d,00020E4C,3,1,00032120,0,0006A258
2d,00020E5C,3,1,0003E14A,0,0005B820
2d,00020E68,5,1,0003DEE0,0,0003EE9E
2d,00020E78,7,1,0003CB44,0,0005BFDC
2d,00020E8C,5,1,00057E60,0,0005A7DC
2d,00020E9C,8,1,000257EC,0,0002BE34
2d,00020EA8,7,1,0002C5B4,0,0002C7EA
2d,00020EBC,3,1,0003C6EC,0,0003ED78
2d,00020ED4,5,1,0005B288,0,0005B4F4
2d,00020EE4,5,1,00059140,0,0005975C
2d,000210F0,2,1,0002BE34,0,0007C958
2d,000210FC,2,1,0003FF0A,0,000405BA
2d,00021108,7,1,00034198,0,0004C236
2d,00021114,5,1,0002B5F8,0,00035CD4
2d,00021124,5,1,00046AF8,0,00046B44
2d,00021130,4,1,00045920,0,00045964
2d,0002113C,4,1,00046C84,0,00046CD0
2d,00021150,4,1,000459C4,0,00046E38
2d,00021160,4,1,00043E98,0,00043EE4
2d,0002116C,4,1,00044028,0,00044074
2d,00021178,4,1,000441B8,0,00044204
2d,00021184,4,1,00040572,0,0007C1D8
2d,000211AC,5,1,00058348,0,00058434
2d,000211B8,5,1,000580C4,0,000591D8
2d,0002121C,2,1,0002BE34,0,0007C958
2d,0002122C,2,1,0002B694,0,00035CD4
2d,00021240,5,1,00057E60,0,0005A7DC
2d,00021498,3,1,0003EF70,0,0005B820
2d,000214A4,5,1,0003DEE0,0,0003EE9E
2d,000214B8,3,1,0003C6EC,0,0003ED78
2d,000214C4,5,1,000257EC,0,0002BE34
2d,000214D0,7,1,0002C5B4,0,0002C7EA
2d,000214E4,2,1,000255CC,0,00025604
2d,000214F0,2,1,0002B3A4,0,00081C50
2d,00021504,3,1,00037D70,0,00037E14
2d,00021514,8,1,00037330,0,000391EC
2d,00021520,3,1,0003794E,0,00038E64
2d,0002152C,3,1,00037680,0,00039548
2d,00021538,3,1,00036F9E,0,000386A8
2d,00021554,3,1,00037128,0,00037A76
2d,00021560,3,1,000449E4,0,00055332
2d,00021578,4,1,000403EC,0,00040470
2d,00021584,4,1,00047060,0,0004708C
2d,00021594,8,1,00042082,0,00081F4C
2d,000215A0,4,1,00044B18,0,000841E8
2d,000215AC,4,1,000406E0,0,0007D814
2d,000215B8,7,1,00056860,0,000678F0
2d,000215D0,4,1,00045B04,0,00056D10
2d,000215E0,4,1,00045204,0,00056B94
2d,000215EC,4,1,000464FC,0,00067988
2d,000215FC,4,1,00045730,0,000468F8
2d,00021608,4,1,000455E0,0,00046480
2d,00021788,4,1,00046404,0,000466B4
2d,0002179C,4,1,000442AC,0,0005642A
2d,000217AC,4,1,00041936,0,0005537A
2d,000217B8,4,1,00043890,0,000679CC
2d,000217C4,4,1,00043814,0,00043B5E
2d,000217D4,4,1,0004052A,0,00042D9C
2d,000217E4,4,1,00041FE6,0,0007BF18
2d,000217F0,3,1,00032BE0,0,00032C14
2d,000217FC,3,1,00032120,0,0006A258
2d,0002180C,4,1,0003AEC4,0,0004C236
2d,0002181C,5,1,0005B288,0,0005B59C
2d,00021834,5,1,00059140,0,0005975C
2d,00021840,5,1,00059644,0,00083D9C
2d,0002184C,2,1,0002BE34,0,0007C958
3d,000219FC,11,9,000257EC,0002BE34,0007C958
2d,00021A0C,2,1,00035CD4,0,00056BDC
2d,00021A18,5,1,00046AF8,0,00046B44
2d,00021A24,4,1,00045920,0,00045964
2d,00021A30,4,1,00046C84,0,00046CD0
2d,00021A44,4,1,000459C4,0,00046E38
2d,00021A54,4,1,00043E98,0,00043EE4
2d,00021A60,4,1,00044028,0,00044074
2d,00021A6C,4,1,000441B8,0,00044204
2d,00021A78,4,1,00040572,0,0007C1D8
2d,00021A84,4,1,00047DE6,0,0005B59C
2d,00021A9C,5,1,00058348,0,00058434
2d,00021AA8,5,1,000580C4,0,000591D8
2d,00021C7C,10,1,0004AB20,0,000A0930
2d,00021E10,8,1,0008BF00,0,0008BF28
2d,00021E1C,8,1,000A094C,0,000A0950
2d,00021E28,10,1,000A0958,0,000A095C
2d,00021E34,10,1,000A0964,0,000A0968
2d,00021F2C,2,1,0002D6DA,0,0002DB3A
2d,000224E0,10,1,000A0508,0,000A20BC
2d,0002283C,10,1,00008490,0,000A09A0
2d,00022850,8,1,0008BBF0,0,0008BF64
2d,00022F00,10,1,000A003C,0,000A0994
2d,0002313C,10,1,00008574,0,00024F8C
2d,00024194,10,1,000A17C4,0,000A17E0
2d,0002427C,10,1,00024F6C,0,000872F0
2d,000243A8,10,1,00008480,0,000A17F8
2d,000247D4,10,1,000872E0,0,000872E4
2d,00025214,10,1,000A1394,0,000A13A8
2d,0002546C,8,1,00089278,0,0008927C
2d,000254AC,10,1,000A066C,0,000A0670
2d,000255A4,10,1,000A0684,0,000A0688
2d,000255B4,10,1,000A0674,0,000A067C
2d,000257E0,2,1,00009858,0,0000986C
2d,00025A9C,2,1,00028F92,0,000290F0
2d,00025BF8,2,1,0002907C,0,00087308
2d,00025D24,7,1,0004027C,0,00067390
2d,00025E5C,8,1,00029D42,0,0002A608
2d,0002A1C4,3,1,0003EB46,0,0007AFEA
2d,0002B17C,10,1,000A0E4C,0,000A0E58
2d,0002B18C,10,1,000A0E5C,0,000A0E68
2d,0002B19C,10,1,000A0E6C,0,000A0E78
2d,0002B5A4,10,1,000A104C,0,000A1050
2d,0002B5B8,10,1,000A1024,0,000A1030
2d,0002B5CC,10,1,00008490,0,00027818
2d,0002BAF0,9,1,0000FFFF,0,0002CDF4
2d,0002BC68,9,1,0009B070,0,0009B14E
2d,0002BC74,9,1,0009B225,0,0009B2C7
2d,0002BC80,9,1,0009B364,0,0009B382
2d,0002BC8C,9,1,0009B435,0,0009B45B
2d,0002BC98,9,1,0009B5E8,0,0009B63F
2d,0002BCA4,9,1,0009B678,0,0009B69F
2d,0002BF8C,11,1,000A184C,0,000FE440
2d,0002BFDC,15,1,0002CDBA,0,0004AB3E
2d,0002C1AC,10,1,0002CEA8,0,000FE440
2d,0002C1BC,2,1,000892B0,0,000F946C
3d,0002C418,11,9,000A1894,000A1898,000A189C
2d,0002C448,8,1,0002CBE4,0,000A186C
2d,0002C4E8,10,1,0002CEA8,0,000A1854
2d,0002C624,10,1,0002CEA8,0,000A1844
2d,0002C774,2,1,0000FFFF,0,000FE440
2d,0002C780,2,1,000892C4,0,000F9494
2d,0002C8E4,2,1,0000FFFF,0,000FE440
2d,0002C8F0,2,1,000892C4,0,000F94A8
2d,0002CA34,15,1,0002CC2A,0,000A18CC
2d,0002CA4C,15,1,000A18B4,0,000A18B8
2d,0002CA5C,10,1,0002CEA8,0,000A1860
2d,0002CB90,8,1,000A188C,0,000FE440
2d,0002D270,2,1,000258AC,0,0002D3A2
2d,0002D37C,10,1,000A19C4,0,000A19C8
2d,0002D674,10,1,00008574,0,000A1B80
2d,0002D8CC,8,1,00008070,0,0008C7E0
2d,0002DC80,10,1,00008470,0,000A2368
2d,0002E1BC,10,1,0000FFFF,0,000A0EB0
2d,0002E448,10,1,0000855C,0,000A03A8
2d,0002E9D0,10,1,00089464,0,00089466
2d,0002E9DC,8,1,0008946C,0,0008946E
2d,0002E9E8,8,1,00089478,0,0008947A
2d,0002EA14,10,1,000A0B38,0,000A0B3C
2d,0002EA20,10,1,000A0B44,0,000A0B48
2d,0002EB54,10,1,000A0132,0,000A0133
2d,0002EB7C,10,1,00008470,0,000A0B30
2d,0002EC5C,8,1,00089464,0,00089468
2d,0002EC68,8,1,0008946A,0,0008946E
2d,0002EC74,8,1,00089472,0,00089474
2d,0002EC80,8,1,00089478,0,0008947A
2d,0002EC8C,8,1,0008947E,0,00089486
2d,0002ED78,8,1,00008070,0,0008CAA4
2d,0002EFC8,8,1,00089466,0,0008946A
2d,0002EFD4,8,1,0008946E,0,00089470
2d,0002EFE0,8,1,00089474,0,00089476
2d,0002EFEC,8,1,0008947A,0,0008947C
2d,0002F10C,10,1,000A0FD8,0,000A0FDC
2d,0002F134,10,1,000A0FE4,0,000A0FE8
2d,0002F628,6,1,000314B4,0,000FE378
2d,0002F634,3,1,0001861A,0,0002FEA2
2d,0002F640,4,1,00058AD8,0,00068872
2d,0002F650,5,1,000237B0,0,00079052
2d,0002F65C,4,1,000624A8,0,0008167A
2d,0002F66C,7,1,00031544,0,00085FA6
2d,0002FE18,6,1,0006ED86,0,0006ED96
2d,0002FF8C,15,1,0006ED96,0,0006EDBA
2d,00030494,3,1,000247F8,0,000FE440
2d,0003069C,3,1,00017FB4,0,0002F5B4
2d,000307D0,15,1,00087E64,0,00088EC4
2d,00030964,15,1,0000855C,0,000FE9B8
2d,00030974,4,1,0000FFFF,0,000FE5D0
2d,00030DE8,2,1,0000855C,0,000A115C
2d,0003134C,15,1,00008574,0,000FE440
2d,00031360,7,1,00076720,0,00076742
2d,0003136C,7,1,0007679C,0,000767C8
2d,00031378,7,1,0007682E,0,00076874
2d,00031384,7,1,00076A12,0,00076A72
2d,00031390,7,1,00076C18,0,00077632
2d,000313A4,7,1,00077BF0,0,0007812A
2d,000313B0,7,1,00077676,0,0007866C
2d,000313C8,7,1,00077B68,0,000782B4
2d,00031CF8,3,1,00030224,0,00030C44
2d,00031D08,2,1,000237A4,0,000A0061
2d,00031D14,5,1,0006AB98,0,00073990
2d,00031D20,4,1,0004E306,0,00075CCE
2d,00031D30,7,1,000573BE,0,00079046
2d,00031D40,7,1,0002B56A,0,0007C68A
2d,00031D50,5,1,00057F9E,0,000595B4
2d,00031D64,6,1,00057C32,0,000698E4
2d,00031D70,5,1,0007A09E,0,0007A410
2d,00032070,10,1,0002F1AE,0,000FF188
2d,00032314,10,1,0008E8A8,0,000A13C4
2d,00032320,8,1,000A13C8,0,000A13CC
2d,0003232C,8,1,000A13D0,0,000A13D4
2d,00032340,10,1,0008E918,0,000A13DC
2d,0003234C,8,1,000A13E0,0,000A13E4
2d,00032358,8,1,000A13E8,0,000A13EC
2d,0003236C,8,1,0008D618,0,0008D634
2d,00032660,10,1,0008D688,0,000A13C4
2d,0003266C,8,1,000A13C8,0,000A13CC
2d,00032678,8,1,000A13D0,0,000A13D4
2d,000328A8,10,1,000A1430,0,000A1434
2d,000328E8,10,1,000A010A,0,000A1424
2d,00032AC4,10,1,000A14AC,0,000A14B0
2d,00032AE8,10,1,00008470,0,000A0201
2d,00032AF4,10,1,00008480,0,000B0009
2d,00032F30,10,1,000A0139,0,000A0BE8
2d,00032F3C,10,1,000A013A,0,000A013B
2d,00032F48,10,1,000A013D,0,000A0BE0
2d,00032F54,10,1,000A013F,0,000A0140
2d,00032F64,10,1,000A0142,0,000A0143
2d,0003315C,11,1,000A0146,0,000A0147
2d,00033184,10,1,000A0BA0,0,000A0BA8
2d,00033190,10,1,000A0BAC,0,000A0BB4
2d,0003319C,10,1,000A0B74,0,000A0B84
2d,000331CC,8,1,0008C9A8,0,0008C9B4
2d,00033420,8,1,00008070,0,0008D0B8
2d,0003344C,10,1,00008444,0,000A0BBC
2d,00033458,10,1,000A0BB8,0,000A0BCC
2d,00033694,2,1,0002D6DA,0,000A021E
2d,00033720,10,1,000A1688,0,000A1690
2d,00033738,10,1,00008490,0,000A01C4
2d,0003389C,10,1,00008444,0,000A16A4
2d,000338BC,8,1,0008F17C,0,0008F198
2d,000339D0,8,1,0008F0F0,0,0008F10C
2d,00033B3C,8,1,0008D864,0,0008F160
2d,00033DE0,10,1,000A01C3,0,000A0FA4
2d,00033F0C,10,1,000A0FB0,0,000A0FC0
2d,00033F18,10,1,000A03DA,0,000A03DC
2d,00034168,10,1,000A1108,0,000A110C
2d,00034174,10,1,000A1110,0,000A1118
2d,000341D0,3,1,00032CDC,0,00034604
2d,000341DC,3,1,00086B30,0,00086C2E
2d,00034570,10,1,000080E4,0,0008F1EC
2d,00034778,10,1,000A21C4,0,000A21E0
2d,000349A4,10,1,000A01C5,0,000A0FB8
2d,000349B4,10,1,000A21C8,0,000A21E8
2d,000349C4,10,1,000A21B0,0,000A21F4
2d,000349D0,10,1,000A21D4,0,000A21F0
2d,000349DC,10,1,000A21B8,0,000A21BC
2d,000349E8,10,1,000A21D8,0,000A21DC
2d,000349FC,10,1,000A21D0,0,000A21FC
2d,00034D40,10,1,000A0390,0,000A0392
2d,00034F04,10,1,000A016F,0,000A0398
2d,00034F1C,10,1,000A016B,0,000A038A
2d,000351C8,6,1,00090358,0,0009036C
2d,00035460,10,1,0000805C,0,0000806C
2d,00035CC4,10,1,00008410,0,000A12E0
2d,000360D4,8,1,00008070,0,0008BF78
2d,000361F8,8,1,0008E560,0,0008E598
2d,00036208,8,1,0008E5D0,0,0008E608
2d,00036628,10,1,000A01E9,0,000A1200
2d,00036770,10,1,000A1274,0,000A1278
2d,00036858,10,1,00008480,0,000A12A0
2d,00036900,10,1,00008480,0,000A12C8
2d,00036CA4,10,1,000A1284,0,000A1288
2d,00036CE4,8,1,00008070,0,000B0009
2d,00036D74,8,1,00008070,0,000B0009
2d,00036F6C,10,1,0000855C,0,000A0472
2d,00037090,8,1,000080E4,0,000B0009
2d,00037114,10,1,00008470,0,00008480
2d,00037200,10,1,0008CDF9,0,0008CE05
2d,000374D0,8,1,0008FC6C,0,0008FC88
2d,000374DC,8,1,0008FCC0,0,0008FCDC
2d,000374E8,8,1,0008FD14,0,0008FD30
2d,000374F4,8,1,0008FD68,0,0008FD84
2d,00037500,8,1,0008FDBC,0,0008FDD8
2d,0003776C,10,1,00083ECE,0,0008F518
2d,0003787C,10,1,00008470,0,000A1AB8
2d,00037890,8,1,000080E4,0,000B0009
2d,00037AF4,10,1,00008470,0,0008F518
2d,00037CF0,3,1,00008470,0,000A1B08
2d,00038180,10,1,00008470,0,0008CE4C
2d,00038194,10,1,00008490,0,000A1B24
2d,0003838C,8,1,0008FE64,0,0008FE80
2d,00038398,8,1,0008FEB8,0,0008FED4
2d,00038474,8,1,000080E4,0,0008F518
2d,00038608,10,1,000080E4,0,0008FF44
2d,0003868C,8,1,000080E4,0,0008F518
2d,000387C4,10,1,00008470,0,00008480
2d,000388F4,10,1,00008470,0,00008480
2d,0003897C,10,1,00008490,0,000B0009
2d,000389E8,10,1,000A12AC,0,000B0009
2d,00038BB8,2,1,0002D6DA,0,00038C62
2d,00038BC4,4,1,000A1D64,0,000A1D68
2d,00038C40,8,1,00008070,0,000A1D6C
2d,00038FCC,10,1,000A2194,0,000A2198
2d,00039060,2,1,0002D6DA,0,000B0009
2d,000392DC,3,1,000A2224,0,000A2228
2d,000392EC,4,1,000A222C,0,000A2230
2d,0003953C,10,1,000A12C4,0,000B0009
2d,00039648,10,1,00008480,0,000A0256
2d,00039890,10,1,000A2070,0,000A2094
2d,000398A0,10,1,000A2078,0,000A209C
2d,000398B0,10,1,000A2080,0,000A20A4
2d,00039CD4,8,1,00008070,0,0008C9E4
2d,00039CE8,8,1,00089466,0,0008946A
2d,00039CF4,8,1,0008946E,0,00089470
2d,00039D00,8,1,00089476,0,0008947A
2d,00039D0C,8,1,0008947E,0,00089482
2d,00039E4C,11,1,000A0BF4,0,000A0BF8
2d,00039E58,10,1,000A0C00,0,000A0C04
2d,00039E6C,10,1,000A0C0C,0,000A0C10
2d,00039E80,10,1,0000855C,0,000A0BF0
2d,00039E8C,10,1,00008490,0,0000D9F8
2d,0003A144,10,1,0000855C,0,000A0488
2d,0003A3B8,10,1,000A1BC0,0,000A1BD0
2d,0003A3C4,10,1,000A1BD8,0,000A1BDC
2d,0003A804,10,1,000080E4,0,0008FFEC
2d,0003AC98,10,1,000A0262,0,000A0263
2d,0003ACA8,10,1,000A1C04,0,000A1C18
2d,0003B1CC,10,1,000A1C24,0,000A1C30
2d,0003B37C,10,1,000A1C64,0,000A1C70
2d,0003B3E0,10,1,0008945C,0,0008945D
2d,0003B578,8,1,0008945F,0,000A1C50
2d,0003B58C,10,1,00089460,0,000A1C48
2d,0003B598,10,1,000A1C58,0,000A1C5C
2d,0003B5B0,10,1,00089464,0,00089466
2d,0003B5C8,8,1,0008946C,0,0008946E
2d,0003B5D4,10,1,00089470,0,000A049A
2d,0003B5E8,8,1,0008947A,0,000A0266
2d,0003B64C,10,1,00089486,0,0008948A
2d,0003B7D8,10,1,0000855C,0,000A04A2
2d,0003BBE0,10,1,000A1BCC,0,000A1C84
2d,0003BD84,8,1,00089466,0,0008946A
2d,0003BD90,8,1,0008946E,0,00089470
2d,0003BD9C,8,1,00089476,0,0008947A
2d,0003BDA8,8,1,0008947E,0,00089484
2d,0003BE88,10,1,000A1C90,0,000A1C94
2d,0003BE9C,9,1,000900CC,0,000A1CA0
2d,0003BF60,9,1,000237B0,0,00031BE8
2d,0003C598,8,1,000080E4,0,000F96C4
2d,0003C5A8,10,1,000F9357,0,000F9780
2d,0003C9D0,8,1,00008070,0,000A0E40
2d,0003C9EC,8,1,0008E300,0,0008E31C
2d,0003C9F8,8,1,0008E354,0,0008E370
2d,0003CA04,8,1,0008E3A8,0,0008E3C4
2d,0003CA10,8,1,0008C154,0,0008C168
2d,0003CA1C,8,1,0008C190,0,0008C1A4
2d,0003CA2C,8,1,0008E2AC,0,0008E418
2d,0003CF64,5,1,0003EF96,0,000A01BA
2d,0003D1F4,10,1,000F933C,0,000F9630
2d,0003D200,3,1,000F934E,0,000F9678
2d,0003D3FC,3,1,0003E90E,0,0003F13C
2d,0003D414,10,1,00008490,0,000F9333
2d,0003D52C,10,1,000F932A,0,000F95E8
2d,0003D544,8,1,00008490,0,00010A44
2d,0003D69C,10,1,0003C85E,0,000A0F84
2d,0003D914,3,1,0003C852,0,0003C85E
2d,0003D930,8,1,000F933C,0,000F9630
2d,0003D93C,3,1,000F934E,0,000F9678
2d,0003D950,3,1,0003E90E,0,0003F13C
2d,0003D968,10,1,00008490,0,000F9333
2d,0003D974,15,1,0003C982,0,000F932A
2d,0003DB08,10,1,0003C85E,0,000A0F88
2d,0003DDAC,5,1,0003F03E,0,000474A8
2d,0003E090,6,1,00009858,0,0000986C
2d,0003E334,8,1,0003DD46,0,0003DD66
2d,0003E808,10,1,000A01BB,0,000F955C
2d,0003EAD0,10,1,0003C86A,0,000A1484
2d,0003ED60,2,1,000F95C0,0,000F95D4
2d,0003EE70,2,1,00009858,0,0000986C
2d,0003F0AC,10,1,000A13FC,0,000A1400
2d,0003F0C8,8,1,00010AD8,0,0003C992
2d,0003F334,8,1,00008480,0,00008490
2d,0003F620,10,1,0008C0B0,0,000A0176
2d,0003F630,10,1,0008C0D8,0,000A0178
2d,0003F640,10,1,0008C100,0,0008E274
2d,0003F828,8,1,000080E4,0,000A039C
2d,0003F848,10,1,000A017B,0,000A017C
2d,0003F86C,10,1,00008490,0,0008CA2C
2d,0003FC24,6,1,0006728A,0,0008938A
2d,0003FE78,10,1,000A2348,0,000A2350
2d,0003FE9C,11,1,0000E876,0,0008B968
2d,000400EC,10,1,000A0116,0,000A011B
2d,000400FC,10,1,000A0115,0,000A0118
2d,00040108,10,1,000A010F,0,000A0110
2d,00040280,11,1,00008574,0,000A010A
2d,00040E48,10,1,000A1188,0,000A1194
2d,00040E60,10,1,000A11A8,0,000A11C4
2d,00040FE4,10,1,000A1168,0,000A116C
2d,00040FF4,10,1,000A01E5,0,000A05BC
2d,00041000,10,1,000A05C0,0,000A05C4
2d,00041268,10,1,000A1184,0,000A1188
2d,000414E4,10,1,000A1224,0,000A1228
2d,000414F0,10,1,000A1230,0,000A1238
2d,000414FC,10,1,000A121C,0,000A1234
2d,00041508,10,1,000A1210,0,000A1214
2d,000415B8,10,1,00008470,0,000A1240
2d,000415C4,10,1,000A1248,0,000A124C
2d,00041628,10,1,000A01F3,0,000A01F4
2d,000417D4,10,1,000A1460,0,000A1464
2d,000417E0,10,1,000A146C,0,000A1474
2d,000417F0,10,1,000A1448,0,000A144C
2d,000417FC,10,1,000A1454,0,000A1458
2d,000418E4,10,1,000A147C,0,000A1480
2d,000418F0,10,1,000A1488,0,000A148C
2d,00041A0C,10,1,000A0206,0,000A14C8
2d,00041A18,10,1,000A0205,0,000A14CC
2d,00041C6C,10,1,0008EB24,0,0008EB40
2d,00041F7C,10,1,00008480,0,000A010A
2d,00042068,10,1,000A010A,0,000A1508
2d,000420D4,10,1,000A010A,0,000A150C
2d,000420F4,11,1,0000E876,0,0008CBDC
2d,00042300,10,1,00008480,0,000A157C
2d,00042330,10,1,000080E4,0,0008EE18
2d,00042384,8,1,0008EC20,0,0008EC3C
2d,00042390,8,1,0008EC74,0,0008EC90
2d,000423AC,10,1,0008ECAC,0,000A15AC
2d,0004253C,10,1,0008ECC8,0,000A15B4
2d,00042548,8,1,000A15B8,0,000A15BC
2d,00042554,8,1,000A15C0,0,000A15C4
2d,00042560,8,1,000A15C8,0,000A15CC
2d,00042574,10,1,0008ED54,0,000A15D4
2d,00042580,8,1,000A15D8,0,000A15DC
2d,0004258C,8,1,000A15E0,0,000A15E4
2d,00042598,8,1,000A15E8,0,000A15EC
2d,00042984,10,1,0000843C,0,000A1574
2d,00042990,10,1,000A020F,0,000A1570
2d,0004299C,10,1,0000855C,0,000A155C
2d,000429BC,10,1,000A1590,0,000A1594
2d,000429C8,10,1,000A1598,0,000A159C
2d,00042CD4,10,1,000A1600,0,000A1608
2d,00042CF0,10,1,000A0212,0,000A15F8
2d,00042D74,8,1,0008EE50,0,0008EE6C
2d,00042E0C,8,1,000080E4,0,0008EEDC
2d,000432D4,11,1,000A1614,0,000A1618
2d,00043320,10,1,000A162C,0,000A1630
2d,0004332C,10,1,000A0214,0,000A163C
2d,00043624,10,1,00008070,0,0008BC7C
2d,00043660,10,1,0000855C,0,000A0448
2d,00043670,10,1,000A1648,0,000A1650
2d,00043AE4,10,1,000A0218,0,000A1658
2d,00043BF8,10,1,000A0219,0,000A1664
2d,00043D0C,10,1,000A021A,0,000A1670
2d,00043E6C,10,1,000A010A,0,000A0223
2d,00043E78,10,1,000A16D4,0,000A16DC
2d,00044008,10,1,000A0224,0,000A16E0
2d,00044198,10,1,000A0225,0,000A16EC
2d,000444A4,8,1,0008F33C,0,0008F358
2d,000444C8,10,1,00008410,0,000A010A
2d,000444DC,10,1,000A0228,0,000A1740
2d,00044614,10,1,0008F374,0,000A1750
2d,00044620,8,1,000A1754,0,000A1758
2d,0004462C,8,1,000A175C,0,000A1760
2d,000448CC,10,1,0008F3E4,0,000A1750
2d,000448D8,8,1,000A1754,0,000A1758
2d,000448E4,8,1,000A175C,0,000A1760
2d,00044ED0,10,1,0008F5F8,0,000A1910
2d,00044EDC,8,1,000A1914,0,000A1918
2d,00044EE8,8,1,000A191C,0,000A1920
2d,00044EFC,8,1,0008DB04,0,0008DB20
2d,00044F20,10,1,00008410,0,000A01E7
2d,00045140,10,1,000A010A,0,000A195C
2d,000451C8,10,1,000A196C,0,000A1970
2d,000451F0,11,1,0003EE3E,0,0008CCF0
2d,00045308,10,1,000A0242,0,000A19DC
2d,000454BC,10,1,000A19E4,0,000A19E8
2d,000455C4,10,1,000A19F8,0,000A19FC
2d,00045654,10,1,000A0243,0,000A1A08
2d,00045714,10,1,000A1A10,0,000A1A14
2d,000457A4,10,1,000A0244,0,000A1A20
2d,0004586C,10,1,000A1A28,0,000A1A2C
2d,00045904,10,1,000A0245,0,000A1A38
2d,00045A40,10,1,000A0246,0,000A1A3C
2d,00045D04,8,1,0008F844,0,0008F860
2d,00045D34,10,1,000A0247,0,000A1A40
2d,00045E74,10,1,0008F87C,0,000A1A54
2d,00045E80,8,1,000A1A58,0,000A1A5C
2d,00045E8C,8,1,000A1A60,0,000A1A64
2d,0004612C,10,1,0008F924,0,000A1A54
2d,00046138,8,1,000A1A58,0,000A1A5C
2d,00046144,8,1,000A1A60,0,000A1A64
2d,000461C4,10,1,000A1A6C,0,000A1A70
2d,00046388,10,1,0008F9CC,0,000A1910
2d,00046394,8,1,000A1914,0,000A1918
2d,000463A0,8,1,000A191C,0,000A1920
2d,000467DC,10,1,000A0249,0,000A1A80
2d,000468E0,10,1,000A024A,0,000A1A84
2d,000469A0,10,1,000A024B,0,000A1A88
2d,000469CC,11,1,0000E876,0,0008CDE0
2d,000469F4,11,1,0000E876,0,0008CDEC
2d,00046AD4,10,1,000A024C,0,000A1A8C
2d,00046C68,10,1,000A024D,0,000A1A94
2d,00046E18,10,1,000A024E,0,000A1A98
2d,000470A8,11,1,0000E876,0,0008CE94
2d,00047404,10,1,000A010A,0,000A02A5
2d,000474FC,10,1,000A0540,0,000A0542
2d,000476CC,10,1,000A055C,0,000A055E
2d,000476DC,10,1,000A0546,0,000A0548
2d,000476E8,10,1,000A054C,0,000A054E
2d,000476FC,10,1,000A0552,0,000A0566
2d,0004770C,10,1,000A0556,0,000A056A
2d,00047764,11,1,000A0558,0,000A056C
2d,00047A30,10,1,000A22B8,0,000A22BC
2d,00047B38,10,1,000A22A0,0,000A22A4
2d,00047C3C,10,1,000A22D0,0,000A22D4
2d,00047C48,10,1,000A22DC,0,000A22E0
2d,00047C54,10,1,000A22E8,0,000A22EC
2d,00047C60,10,1,000A22F4,0,000A22F8
2d,00048104,10,1,000A2114,0,000A2118
2d,00048110,10,1,000A2120,0,000A2124
2d,000483B4,10,1,0008E044,0,000A0734
2d,000483C0,8,1,000A0738,0,000A073C
2d,000483CC,8,1,000A0740,0,000A0744
2d,000484D4,8,1,0008D3CC,0,0008D3E8
2d,000484F8,10,1,00008410,0,0004ABAE
2d,000486A8,10,1,000A0C98,0,000A0CA0
2d,00048B10,8,1,000A0CBC,0,000A0CC0
2d,00048B20,10,1,00089460,0,000A0CCC
2d,00048B2C,10,1,000A0CD4,0,000A0CD8
2d,00048B44,10,1,00089464,0,00089466
2d,00048D08,8,1,00089462,0,0008946C
2d,00048D18,10,1,00089470,0,000A036C
2d,00048D58,8,1,0008945F,0,0008947A
2d,00048D64,10,1,0008947C,0,000A0159
2d,00048FF0,10,1,0008E624,0,000A1058
2d,00048FFC,8,1,000A105C,0,000A1060
2d,00049008,8,1,000A1064,0,000A1068
2d,0004901C,8,1,0008D4E4,0,0008D500
2d,00049370,10,1,00008490,0,0008E704
2d,00049448,10,1,000A107C,0,000A1080
3d,000496D4,29,35,0009FFFF,00008490,000A10B8
2d,000496F0,8,1,00089466,0,0008946A
2d,000496FC,8,1,0008946E,0,00089470
2d,00049708,8,1,00089474,0,00089476
2d,00049714,8,1,0008947A,0,0008947C
2d,000498F4,11,1,000A1094,0,000A1098
2d,00049918,10,1,000A10A4,0,000A10A8
2d,00049B1C,10,1,000A10BC,0,000A10CC
2d,00049DB0,2,1,000A10EC,0,000A10F0
2d,00049DD0,10,1,00008444,0,000A10DC
2d,00049DE8,10,1,0000830C,0,000A01D4
2d,00049F20,10,1,000A01D5,0,000A01D6
2d,0004A638,10,1,000A09A8,0,000A09AC
2d,0004A814,8,1,0008A134,0,000A1F3C
2d,0004AAC4,10,1,000A1F70,0,000A1F74
2d,0004AAD0,10,1,0000855C,0,000A04E8
2d,0004B1A4,10,1,000A0D4C,0,000A0D54
2d,0004B294,9,1,0009B13C,0,0009B1F1
2d,0004B2A0,9,1,0009B2E2,0,0009B37D
2d,0004B2AC,9,1,0009B3BE,0,0009B638
2d,0004B2B8,9,1,0009B4B2,0,0009B4C0
2d,0004B620,10,1,000A05D4,0,000A0634
2d,0004B630,10,1,00008324,0,0008BE5C
2d,0004B668,10,1,000A060C,0,000A061C
2d,0004B674,10,1,000A0052,0,000A0610
2d,0004B7EC,10,1,000A0614,0,000A0640
2d,0004B7FC,10,1,00008324,0,000A0048
2d,0004BB18,10,1,000A05FC,0,000A0600
2d,0004BF7C,10,1,00008574,0,000A004E
2d,0004BFA0,10,1,000A0648,0,000A0650
2d,0004C69C,8,1,000080B4,0,0008C5BC
2d,0004C7F4,10,1,00008470,0,00008480
2d,0004CD08,10,1,000A17D4,0,000A17D8
2d,0004CD9C,8,1,0000B930,0,00089F1C
2d,0004CEE8,10,1,000A02D4,0,000A02D6
2d,0004CFF0,9,1,000A0062,0,000A0063
2d,0004D200,10,1,000A02DC,0,000A02DE
2d,0004D874,10,1,000A02EA,0,000A02EC
2d,0004DEA0,10,1,000A02F2,0,000A02F4
2d,0004E404,10,1,000A0070,0,000A0071
2d,0004E438,6,1,0006A48E,0,0006A4BC
2d,0004EA3C,10,1,000A0087,0,000A008A
2d,0004EA48,10,1,000A008C,0,000A008D
2d,0004EC3C,10,1,000A008F,0,000A0090
2d,0004EF28,10,1,0000843C,0,000A07D0
2d,0004F51C,10,1,00008574,0,000A00B3
2d,00050B84,10,1,000A00B7,0,000A00B8
2d,00050B90,10,1,000A00BA,0,000A00BB
2d,00050D5C,10,1,000A00C1,0,000A00C2
2d,00050D68,10,1,000A00BE,0,000A00BF
2d,00050FD4,10,1,00089CCC,0,00089F1C
2d,00050FE4,5,1,0000BABE,0,0008948C
2d,00051128,5,1,00050FA4,0,00089CCC
2d,000511EC,4,1,0004ECC2,0,0004F590
2d,000511FC,5,1,0004F900,0,0004FAF2
2d,00051208,4,1,0006A5FC,0,00089ECC
2d,0005121C,6,1,0004F16A,0,0004FE94
2d,00051304,8,1,0004D040,0,0004D6B4
2d,00051310,4,1,0004CF74,0,00075C8C
2d,0005131C,4,1,0004E2D4,0,00050A20
2d,0005132C,5,1,0004CDAC,0,0004EB28
2d,00051338,6,1,0005293C,0,0005294C
2d,00051598,10,1,000510B2,0,00073E40
2d,000515A4,5,1,00051728,0,0005212A
2d,00051810,7,1,00051580,0,00051588
2d,00051A30,5,1,0004D024,0,0004D698
2d,00051A40,4,1,0004CF70,0,0004E820
2d,00051A4C,4,1,0004E2D0,0,00075C70
2d,00051A58,6,1,0004F2C0,0,0004F52C
2d,00051A68,4,1,0004F140,0,00050C40
2d,00051A74,5,1,00050E5C,0,0005C56C
2d,00051BBC,9,1,00051438,0,00051730
2d,00051BCC,4,1,0004E7F4,0,00076072
2d,00051BD8,4,1,0004D792,0,0004DDF6
2d,00051C00,5,1,0004F484,0,0006C814
2d,00051E40,6,1,00050F1C,0,000524DE
2d,00051F4C,4,1,00050F1C,0,000524DE
2d,0005296C,9,1,00050ECE,0,00050F66
2d,00052978,10,1,00051016,0,00073E2C
2d,00052C28,8,1,00008128,0,000A02B1
2d,00052ECC,10,1,000A02FE,0,000A0300
2d,00052F4C,10,1,000A0135,0,000A0350
2d,000536D8,8,1,000080E4,0,0008C2DC
2d,000536E8,8,1,000080B4,0,0008B8EC
2d,000536F8,8,1,0008BC54,0,0008C32C
2d,00053DB8,10,1,000A022A,0,000A17A8
2d,00054018,10,1,000A045A,0,000A17AC
2d,00054260,10,1,000085BC,0,000A0460
2d,000544E0,10,1,00008470,0,0008FC34
2d,00054778,10,1,00008574,0,000A0299
2d,0005490C,8,1,000A2178,0,000A217C
2d,00054B24,10,1,00008480,0,000A11F0
2d,00054D04,10,1,000A1418,0,000A1420
2d,00054EEC,10,1,000A0ED8,0,000A0EE0
2d,00054F04,10,1,0000855C,0,000A03B0
2d,000550FC,10,1,000A0380,0,000A0382
2d,00055814,10,1,0008D1A4,0,000A1708
2d,00055948,10,1,00008470,0,000A16F8
2d,00055ADC,8,1,0008B9F4,0,0008BA08
2d,00056520,8,1,00008070,0,0008D188
2d,00056C98,10,1,000A010A,0,000A1A9C
2d,00056CA8,8,1,00008490,0,00089458
2d,00057070,5,1,0005CA64,0,0005CA76
2d,00057184,5,1,0000FF00,0,0005CAB4
2d,000574C0,10,1,000238B2,0,00023F72
2d,000575FC,10,1,00024146,0,000A1808
2d,0005760C,10,1,00024712,0,000A17DC
2d,00057794,10,1,0000843C,0,000A0A04
2d,00057D48,10,1,000A0A44,0,000A0A48
2d,0005801C,3,1,00009858,0,0000986C
2d,000582E4,10,1,00008574,0,000A0A84
2d,000583BC,10,1,0000E8DE,0,0003037A
2d,000584F4,8,1,000080E4,0,0008A13E
2d,000585EC,10,1,00008574,0,000A0126
2d,00058720,10,1,0000843C,0,000A0AA8
2d,00058A30,10,1,000A0334,0,000A033A
2d,00058AF8,11,1,0000855C,0,0000FFFF
2d,00058D08,10,1,000A012B,0,000A012C
2d,00059024,10,1,000A0AD4,0,000A0ADC
2d,00059030,10,1,000A0AE4,0,000A0AF4
2d,00059048,10,1,0000855C,0,000A0344
2d,00059054,10,1,0000FFFF,0,0003037A
2d,000590D8,10,1,0003037A,0,000A0AF8
2d,00059424,10,1,000A10F4,0,000A1514
2d,00059608,10,1,000A1530,0,000A1538
2d,0005961C,10,1,000A1524,0,000A152C
2d,00059630,10,1,000A1518,0,000A1520
2d,00059738,10,1,000A153C,0,000A1544
2d,00059744,4,1,000A1550,0,000A1554
2d,00059A70,10,1,0000855C,0,000A04C6
2d,00059CE0,8,1,00089462,0,000A0284
2d,00059D00,10,1,000A0282,0,000A1EA0
2d,00059D1C,10,1,0008948A,0,000A1EAC
2d,00059F30,10,1,0000855C,0,000A04D2
2d,0005A40C,10,1,000A1EEC,0,000A1EF4
2d,0005A418,10,1,000A1EE8,0,000A1EF8
2d,0005A424,10,1,0000855C,0,000A04D8
2d,0005A640,10,1,000A1EFC,0,000A1F04
2d,0005A8AC,10,1,00008574,0,000A028A
2d,0005A970,10,1,00008574,0,000A028B
2d,0005AC28,8,1,00089462,0,000A1FA4
2d,0005AC48,10,1,000A028D,0,000A1FC0
2d,0005AC64,10,1,0008948A,0,000A1FD0
2d,0005AE70,10,1,00008470,0,00008480
2d,0005AE90,10,1,0000855C,0,000A04FC
2d,0005B258,10,1,000A050E,0,000A20F0
2d,0005B9BC,2,1,00026F8A,0,00026F90
2d,0005B9C8,2,1,000276BA,0,000276C0
2d,0005C5D4,9,1,0009B031,0,0009B03B
2d,0005C5E0,9,1,0009B095,0,0009B0A2
2d,0005C5EC,9,1,0009B16E,0,0009B1E0
2d,0005CD08,8,1,0000855C,0,000513DC
2d,0005CE20,5,1,00056D96,0,00056DBA
2d,0005D0DC,9,1,0009A06E,0,0009B22D
2d,0005D0EC,9,1,0009A066,0,0009B2B8
2d,0005D114,9,1,0009A052,0,0009B305
2d,0005D124,9,1,0009A04A,0,0009B349
2d,0005D134,9,1,0009A042,0,0009B3B7
2d,0005D144,9,1,0009A03A,0,0009B404
2d,0005D154,9,1,0009A032,0,0009B44F
2d,0005D164,9,1,0009A02A,0,0009B48F
2d,0005D174,9,1,0009A022,0,0009B50B
2d,0005D184,9,1,0009A01A,0,0009B531
2d,0005D194,9,1,0009A012,0,0009B5EA
2d,0005D1A4,9,1,0009A00A,0,0009B62C
2d,0005D1B4,9,1,0009A002,0,0009B65B
2d,0005D33C,5,1,00056D96,0,00056DBA
2d,0005D830,15,1,000A0192,0,000A0193
2d,0005D840,10,1,000A0190,0,000A0191
2d,0005D84C,10,1,000A0197,0,000A0198
2d,0005D9C8,10,1,000A019E,0,000A019F
2d,0005D9D4,10,1,000A01A1,0,000A01A2
2d,0005D9E4,10,1,00016312,0,000A0020
2d,0005DB5C,10,1,000A018B,0,000A018C
2d,0005DB68,10,1,000A018E,0,000A018F
2d,0005DB78,10,1,000A01A6,0,000A01A7
2d,0005DB84,10,1,000A01A9,0,000A01AA
2d,0005DEC8,8,1,000A0000,0,000A0183
2d,0005DED4,10,1,000A0185,0,000A0186
2d,0005DEE0,10,1,000A0188,0,000A0189
2d,0005DF7C,5,1,00056D96,0,00056DBA
2d,0005E0A4,5,1,00056D96,0,00056DBA
2d,0005E1B4,5,1,00056D96,0,00056DBA
2d,0005E2B0,2,1,0000EDCB,0,00027112
2d,0005E3E0,5,1,00056D96,0,00056DBA
2d,0005E3EC,10,1,000510B2,0,00073E40
2d,0005E4A8,5,1,00056D96,0,00056DBA
2d,0005E5FC,5,1,00056D96,0,00056DBA
2d,0005E748,5,1,000FEFF8,0,000FEFF9
2d,0005E754,15,1,0002FBF0,0,00089E6C
2d,0005E974,15,1,0000855C,0,00089E6C
2d,0005EF88,6,1,0006111A,0,000612B0
2d,0005EF94,6,1,00056DBA,0,00056DEA
2d,0005F134,5,1,0006150C,0,00089704
2d,0005F26C,8,1,0000FFFF,0,0005CCF4
2d,0005FB60,10,1,000A0F1C,0,000A0F28
2d,00061738,5,1,0005CD9E,0,0005EC2A
2d,00061744,6,1,0005CCF4,0,0005E1C0
2d,00061750,6,1,00066E78,0,0006720A
2d,0006199C,5,1,00056D96,0,00056DBA
2d,00061F28,10,1,000A212C,0,000A2134
2d,00062878,6,1,000639B4,0,00063F30
2d,00062998,6,1,0006485C,0,00064AB4
2d,000629A4,6,1,00064F24,0,0006504C
2d,000629B0,6,1,000652EA,0,000654F4
2d,000629BC,6,1,00065C10,0,00065CCE
2d,000629C8,6,1,00065DD4,0,00065E50
2d,000629D4,6,1,00065F7E,0,00065F98
2d,000629E0,6,1,000661D4,0,000664D0
2d,00062B00,6,1,00066E78,0,00067438
2d,00062B0C,5,1,00056D96,0,00056DBA
2d,00062CB8,6,1,0006C55E,0,0006C564
2d,00062E4C,6,1,0006C558,0,0006C55E
2d,00062F64,6,1,0006C57C,0,0006C582
2d,00063054,9,1,0006C576,0,0006C57C
2d,00063060,6,1,0006C588,0,0006C58E
2d,0006475C,9,1,0009A026,0,0009B030
2d,0006519C,9,1,0009A00B,0,0009B015
2d,00065DB4,7,1,000804C0,0,000804CC
2d,00065DC4,2,1,0000E876,0,000A1B98
2d,00066138,5,1,00052CAE,0,0006A02E
2d,00066160,10,1,00053926,0,000546A2
2d,00066174,10,1,00008444,0,0000858C
2d,00066820,10,1,000A03C6,0,000A03C8
2d,00066978,9,1,0009A00B,0,0009B031
2d,000671E4,9,1,0009BE19,0,0009D34D
2d,00067300,6,1,000638C8,0,00064364
2d,0006730C,6,1,000652B8,0,00065788
2d,00067318,6,1,00064D60,0,00065EE8
2d,000676FC,10,1,0002CDDA,0,000A19A8
2d,0006771C,8,1,00008070,0,000A19A0
2d,00067730,8,1,00008490,0,000A1998
2d,000677DC,8,1,00008070,0,000A0754
2d,000684EC,8,1,0008D0D4,0,000A0C88
2d,000684F8,10,1,0008D10C,0,000A0C90
2d,00068508,8,1,000080E4,0,0004ABAE
2d,00068730,10,1,000A2034,0,000A2038
2d,00068748,10,1,0000855C,0,000A04F6
2d,000688A0,10,1,000A1E34,0,000A1E38
2d,000688AC,10,1,0000855C,0,000A04CA
2d,000688BC,10,1,000A027F,0,000A0281
2d,000689F8,10,1,000A1F58,0,000A1F60
2d,00068C20,10,1,000A1780,0,000A1788
2d,00068C38,10,1,0000855C,0,000A0456
2d,00068D8C,10,1,000A1798,0,000A17A4
2d,0006904C,10,1,0006721A,0,000A01AE
2d,0006914C,10,1,000A0F60,0,000A0F64
2d,00069250,8,1,000A03CC,0,000A0F40
2d,00069450,16,1,000A03D0,0,000A0F3C
2d,00069798,10,1,00008574,0,0003037A
2d,000698AC,10,1,000A0328,0,000A032A
2d,000699BC,8,1,00008070,0,0003037A
2d,00069D74,10,1,000A18EC,0,000A18F0
2d,00069E78,10,1,00008410,0,0000858C
2d,0006A244,5,1,00056D96,0,00056DBA
2d,0006AD60,10,1,0000855C,0,000A031A
2d,0006BB3C,9,1,0009A02B,0,0009B179
2d,0006CBA4,6,1,0006C5EE,0,0006C5F4
2d,0006CBCC,6,1,0006C55E,0,0006C564
2d,0006D7A0,5,1,00050FF8,0,0006723C
2d,0006DAF4,6,1,0006C56A,0,0006C5FC
2d,0006E76C,10,1,000A0DE0,0,000A0DE8
2d,0006E8BC,10,1,000A0DC0,0,000A0DC8
2d,0006EA98,10,1,00008470,0,000A0D8C
2d,0006EBC0,9,1,0009B0D0,0,0009D41A
2d,0006F2D8,10,1,000A009F,0,000A00A0
2d,0006F2E4,10,1,000A00A2,0,000A00A3
2d,0006F314,5,1,0000830C,0,0000E876
2d,0006FD18,128,1,000A00C6,0,000A00C7
2d,0006FD24,10,1,000A00C9,0,000A00CA
2d,0006FD30,10,1,000A00CC,0,000A00CD
2d,0006FFC8,10,1,000A0094,0,000A0095
2d,00070138,10,1,000A0097,0,000A0098
2d,00070144,10,1,000A009A,0,000A009B
2d,00070394,8,1,00008070,0,000A07A4
2d,00070EC4,10,1,00008574,0,000A00B5
2d,000716A4,10,1,000A00DF,0,000A00E0
2d,000716B0,10,1,000A00E2,0,000A00E3
2d,000717F0,10,1,000A00E5,0,000A00E6
2d,00071A18,10,1,000A00E9,0,000A00EA
2d,00071A24,10,1,000A00EC,0,000A00ED
2d,00071D94,128,1,000A00EF,0,000A00F0
2d,00071DA0,10,1,000A00F2,0,000A00F3
2d,00071DAC,10,1,000A00F5,0,000A00F6
2d,00071FCC,10,1,000A00F8,0,000A00F9
2d,00071FD8,10,1,000A00FB,0,000A00FC
2d,000727AC,10,1,000A00D0,0,000A00D1
2d,00072A74,10,1,000A00D5,0,000A00D6
2d,00072A80,10,1,000A00D8,0,000A00D9
2d,00073A2C,9,1,0009000B,0,0009009C
2d,00073E9C,8,1,000707E4,0,00089CAE
2d,00073EAC,8,1,00070694,0,00072E78
2d,00073EBC,7,1,0005293C,0,0007360C
2d,00073FB4,7,1,00070F66,0,00071182
2d,000740AC,8,1,0006D76E,0,0006D820
2d,000740BC,7,1,00071C50,0,00072116
2d,000740CC,7,1,0006F124,0,0006FFF8
2d,00074130,7,1,0006FC04,0,00071558
2d,00074318,11,1,00051430,0,00073458
2d,00074324,5,1,0006A5D6,0,00071E74
2d,0007433C,7,1,000714A0,0,00072858
2d,00074348,7,1,0006FC00,0,00072DEC
2d,00074354,7,1,000703A8,0,00071232
2d,00074360,6,1,0006F114,0,0006FFE4
2d,0007436C,7,1,0005C56C,0,0006D7BC
2d,000743A4,7,1,00070678,0,00072F82
2d,00074464,5,1,00051730,0,000734D2
2d,00074478,7,1,0006F1CC,0,0006F1E8
2d,00074488,7,1,00071916,0,00071950
2d,0007456C,7,1,00070680,0,00072F8A
2d,00074580,7,1,000703D8,0,00072E1C
2d,0007468C,7,1,00050F1C,0,0007388A
2d,00074FD8,10,1,000A2238,0,000A2244
2d,000752B8,10,1,00008470,0,000A1020
2d,00075AE8,10,1,000A040A,0,000A12F0
2d,00075AF8,10,1,000A040C,0,000A12F4
2d,00075B04,10,1,000A1304,0,000A1308
2d,00075C34,10,1,000A040E,0,000A12F8
2d,00075C44,10,1,000A0400,0,000A12F0
2d,00075C54,10,1,000A12FC,0,000A1310
2d,00075C64,10,1,000A0408,0,000A1300
2d,00075E6C,10,1,000A0083,0,000A0084
2d,00076148,10,1,00008444,0,000A1904
2d,000762C4,5,1,00056D96,0,00056DBA
2d,0007667C,8,1,00018178,0,000197A6
2d,0007668C,15,1,00078D20,0,000F9E28
2d,0007669C,15,1,000A01FA,0,000FAC4A
2d,00077348,15,1,0002FBF0,0,000FEE68
2d,00078304,10,1,0000858C,0,0000FFFF
2d,000799E0,5,1,00056D96,0,00056DBA
2d,00079A14,5,1,00056D96,0,00056DBA
2d,00079A44,5,1,00056D96,0,00056DBA
2d,00079B58,10,1,000186A0,0,0003037A
2d,00079DC4,10,1,000A0484,0,000A1B54
2d,00079DEC,10,1,000A1B40,0,000A1B44
2d,00079FEC,8,1,0008BD08,0,0008BD44
2d,00079FFC,8,1,0008BD1C,0,0008BD58
2d,0007A00C,8,1,0008BD30,0,0008BD6C
2d,0007A034,10,1,0000855C,0,000A0480
2d,0007A7D0,10,1,000A1F88,0,000A1F8C
2d,0007A7E4,10,1,0000855C,0,000A04EC
2d,0007AAF0,8,1,00008070,0,000A02C4
2d,0007ACD0,8,1,00008070,0,000A06E0
2d,0007ACDC,10,1,0000855C,0,000A02C0
2d,0007ACE8,10,1,000A02BE,0,000A06E8
2d,0007AECC,10,1,00008444,0,00008490
2d,0007B3E4,10,1,000A2274,0,000A2278
2d,0007B3F0,10,1,000A2280,0,000A2284
2d,0007B3FC,10,1,000A228C,0,000A2290
2d,0007B6B8,8,1,00008070,0,000A22C4
2d,0007B784,10,1,0000855C,0,000277D8
2d,0007B9EC,10,1,000A02A9,0,000A22FC
2d,0007B9F8,10,1,000A2304,0,000A2308
2d,0007BBE4,10,1,000A02AC,0,000A02AD
2d,0007BEDC,10,1,000A07EC,0,000A07F8
2d,0007BEEC,10,1,000A07FC,0,000A0808
2d,0007C3B8,3,1,0003CAB6,0,0003CAD0
2d,0007C4A8,10,1,00008574,0,000A1FA0
2d,0007C5F0,10,1,00008574,0,0003037A
2d,0007C80C,15,1,0000205C,0,000FFFFF
2d,0007C94C,10,1,00008574,0,000A026D
2d,0007CBC0,10,1,000A1128,0,000A112C
2d,0007CE20,10,1,00008490,0,000A03EC
2d,0007CEF0,10,1,000A07E0,0,000A1124
2d,0007CF08,10,1,000A07DC,0,000A07E8
2d,0007D1EC,10,1,00008070,0,000A0060
2d,0007D204,8,1,0008B818,0,0008B82C
2d,0007D240,10,1,000A0784,0,000A078C
2d,0007D24C,10,1,000A005F,0,000A0780
2d,0007D41C,10,1,000A010A,0,000A0277
2d,0007D618,10,1,00008410,0,0000843C
2d,0007D658,10,1,000A1DB8,0,000A1DBC
2d,0007D940,8,1,00008070,0,000A1128
2d,0007DBD0,8,1,00008070,0,000A06D4
2d,0007DE14,10,1,000A06C8,0,000A06CC
2d,0007DE38,10,1,00008490,0,000A06D4
2d,0007E11C,10,1,000A01F5,0,000A1344
2d,0007E138,10,1,000A01F6,0,000A133C
2d,0007E148,10,1,0008E800,0,000A134C
2d,0007E2C0,10,1,0008E81C,0,000A1354
2d,0007E2CC,8,1,000A1358,0,000A135C
2d,0007E2E4,8,1,0008D5A8,0,0008D5C4
2d,0007E308,10,1,00008410,0,0004ABAE
2d,0007E530,8,1,00008070,0,000A1D1C
2d,0007E53C,10,1,000A1D24,0,000A1D28
2d,0007E54C,10,1,000A1D30,0,000A1D34
2d,0007E804,10,1,0008DF10,0,000A06A0
2d,0007E810,8,1,000A06A4,0,000A06A8
2d,0007E81C,8,1,000A06AC,0,000A06B0
2d,0007E830,8,1,0008D35C,0,0008D378
2d,0007E9C0,10,1,000A1DF8,0,000A1DFC
2d,0007EABC,10,1,000A1E04,0,000A1E08
2d,0007EB4C,10,1,000A0A0C,0,000A0A10
2d,0007EC18,10,1,000A0A1C,0,000A0A20
2d,0007EEE4,10,1,000A01DC,0,000A1128
2d,0007F788,8,1,0000855C,0,00087D24
2d,0007F8DC,7,1,0007F09E,0,0007F0B6
2d,0007F8E8,7,1,0007F0E2,0,0007F0F6
2d,0007FB88,4,1,000A0838,0,000A0864
2d,0007FDBC,10,1,00008490,0,000A0108
2d,0007FDCC,10,1,0008B868,0,000A0105
2d,00080970,10,1,000A1D7C,0,000A1D80
2d,00080988,10,1,000A0272,0,000A0273
2d,00080B00,10,1,00008490,0,0008B894
2d,00080D4C,10,1,000A005C,0,000A0760
2d,00080D68,10,1,0000FFFF,0,0008BBC8
2d,00080D8C,10,1,00008470,0,00008480
2d,000810B4,10,1,00008480,0,000A11E8
2d,000814F0,10,1,0000855C,0,000A2018
2d,00081500,10,1,000A04F0,0,000A04F2
2d,0008150C,10,1,000A1FE4,0,000A1FE8
2d,00081518,10,1,000A1FF0,0,000A1FF4
2d,000816A4,10,1,000A1FF8,0,000A1FFC
2d,000816B0,10,1,000A2004,0,000A2008
2d,000816BC,10,1,000A0291,0,000A0292
2d,00081938,10,1,000085FC,0,0008D074
2d,00081A44,4,1,000A1DE4,0,000A1DE8
2d,00081A50,10,1,000A1DD8,0,000A1DDC
2d,00081A60,10,1,000A0041,0,000A0042
2d,00081C2C,10,1,000A1F18,0,000A1F20
2d,00081C44,10,1,0000855C,0,000A04E2
2d,00081DEC,10,1,00008470,0,00008480
2d,0008200C,8,1,000080E4,0,000A1938
2d,00082214,10,1,0008B7B4,0,0008B7BB
2d,00082A7C,8,1,0000855C,0,0000AC08
2d,00082B78,10,1,00089E8C,0,0008A0DC
2d,00082B90,8,1,000824D2,0,0008251C
2d,00082C28,11,1,000820B2,0,000820E6
2d,00082C34,8,1,00082158,0,00082186
2d,00082C40,8,1,00082224,0,000823C4
2d,00082FF8,10,1,000A0566,0,000A0568
2d,000832E0,10,1,000A2324,0,000A2328
2d,000832EC,10,1,000A2330,0,000A2334
2d,000832F8,10,1,000A233C,0,000A2340
2d,00083304,10,1,000A230C,0,000A2310
2d,0008345C,10,1,000A0584,0,000A0586
2d,00083468,10,1,000A058A,0,000A058C
2d,00083474,10,1,000A0590,0,000A0592
2d,00083480,10,1,000A0578,0,000A057A
2d,0008348C,10,1,000A057E,0,000A0580
2d,000835D0,2,1,000A0924,0,000A0928
2d,000838A4,5,1,0005CCF4,0,0005EC66
2d,00083C14,10,1,0000855C,0,000A0340
2d,00084220,9,1,0009B11D,0,0009D314
2d,00084614,10,1,000A22A0,0,000A22A4
2d,000846C4,10,1,000A22E8,0,000A22EC
2d,000846D0,10,1,000A22F4,0,000A22F8
2d,000846DC,10,1,000A22D0,0,000A22D4
2d,000846E8,10,1,000A22DC,0,000A22E0
2d,00084950,8,1,00089466,0,0008946A
2d,0008495C,8,1,0008946E,0,00089470
2d,00084968,8,1,00089474,0,00089476
2d,00084974,8,1,0008947A,0,0008947C
2d,000849B0,10,1,0009013C,0,000A1CCC
2d,000849BC,9,1,000A1CD0,0,000A1CD4
2d,000849C8,9,1,000A1CD8,0,000A1CDC
2d,00084B3C,11,1,000A1CE0,0,000A1CE4
2d,00084B48,10,1,000A1CEC,0,000A1CF0
2d,00084B60,10,1,000A1CFC,0,000A1D00
2d,00084B6C,10,1,000A1D08,0,000A1D10
2d,00084D9C,10,1,00008490,0,0008BC40
2d,00084DB8,10,1,000A0C20,0,000A0C24
2d,00084FF0,10,1,00008470,0,000A0C3C
2d,00085130,10,1,0008945C,0,00089462
2d,00085140,10,1,00089464,0,00089466
2d,00085150,10,1,0008946A,0,0008946C
2d,0008515C,10,1,00089470,0,000A04B2
2d,00085168,8,1,00089474,0,000A026B
2d,00085614,10,1,0000855C,0,000A05A2
2d,000865F8,10,1,0000855C,0,000A0362
2d,00086750,10,1,000A0168,0,000A0D98
2d,00086768,10,1,0000855C,0,000A037C
2d,00086890,10,1,0000855C,0,000A02CA
2d,000868A4,10,1,00008444,0,000A005E
2d,00086AEC,10,1,000A1E4C,0,000A1E78
2d,00086B04,10,1,000A1E3C,0,000A1E5C
2d,00086B18,10,1,0000855C,0,000A04CC
2d,00086C08,10,1,000A02B5,0,000A02B6
2d,00086E24,8,1,000080B4,0,000A1810
2d,00086E34,10,1,000A0231,0,000A181C
2d,00086E58,2,1,00009858,0,000A0232
2d,00086E68,8,1,00008070,0,000A182C
2d,00087170,10,1,000A0E24,0,000A0E28
2d,0008717C,10,1,000A0E2C,0,000A0E34
2d,00087208,2,1,00030003,0,000300D4
2d,00087214,3,1,0002077E,0,00020F3E
2d,00087224,2,1,000207A0,0,00020CF4
2d,00087230,2,1,00020F3E,0,00021026
2d,0008723C,2,1,000207A0,0,00020CF4
2d,00087248,2,1,00020F3E,0,00021026
2d,00087254,2,1,000207A0,0,00020CF4
2d,00087260,2,1,00020F3E,0,00021026
2d,0008726C,2,1,000207A0,0,00020CF4
2d,00087278,2,1,00021864,0,00021946
2d,00087284,2,1,000211C4,0,00021250
2d,00087290,2,1,00021864,0,00021946
2d,0008729C,2,1,000211C4,0,00021250
2d,000872A8,2,1,00021864,0,00021946
2d,000872B4,2,1,000211C4,0,00021250
2d,000872C0,2,1,00021864,0,00021946
2d,000872CC,2,1,000211C4,0,00021250
3d,00087414,7,8,0009000A,000B0010,00110012
2d,00087424,19,1,00150016,0,00170018
3d,00087964,2,3,00040005,00070008,0009000A
3d,00087974,11,12,000D000E,000F0010,00110012
2d,00087984,19,1,00150016,0,00170018
2d,00087F10,110,1,000A006E,0,000B006E
3d,00088A20,2,2,00030003,00040004,00050006
3d,00088A30,6,6,00070007,00080008,00080009
3d,00088A40,9,10,000A000B,000B000C,000C000D
3d,00088A50,14,14,000E000F,00100011,00120013
3d,00088A60,19,20,00150015,00160016,00170018
2d,00088BA0,126,1,000FB240,0,000FB27E
2d,00088BAC,15,1,000FB2FA,0,000FB338
2d,00088BB8,15,1,000FB3B4,0,000FB3F2
2d,00088BC4,15,1,000FB46E,0,000FB4AC
2d,00088BD0,15,1,000FB528,0,000FB566
2d,00088BDC,15,1,000FB5E2,0,000FB620
2d,00088BE8,15,1,000FB69C,0,000FB6DA
2d,00088BF4,15,1,000FB756,0,000FB794
2d,00088C00,15,1,000FB810,0,000FB84E
2d,00088C0C,15,1,000FB8CA,0,000FB908
2d,00088C18,15,1,000FB984,0,000FB9C2
2d,00088C24,15,1,000FBA3E,0,000FBA7C
2d,00088C30,15,1,000FBAF8,0,000FBB36
2d,00088C3C,15,1,000FBBB2,0,000FBBF0
2d,00088C48,15,1,000FBC6C,0,000FBCAA
2d,00088C54,15,1,000FBD26,0,000FBD64
2d,00088C60,15,1,000FBDE0,0,000FBE1E
2d,00088C6C,15,1,000FBE9A,0,000FBED8
2d,00088C78,15,1,000FBF54,0,000FBF92
2d,00088C84,15,1,000FC00E,0,000FC04C
2d,00088C90,15,1,000FC0C8,0,000FC106
2d,00088C9C,15,1,000FC182,0,000FC1C0
2d,00088CA8,15,1,000FC23C,0,000FC27A
2d,00088CB4,15,1,000FC2F6,0,000FC334
2d,00088CC0,15,1,000FC3B0,0,000FC3EE
2d,00088CCC,15,1,000FC46A,0,000FC4A8
2d,00088CD8,15,1,000FC524,0,000FC562
2d,00088CE4,15,1,000FC5DE,0,000FC61C
2d,00088CF0,15,1,000FC698,0,000FC6D6
2d,00088CFC,15,1,000FC752,0,000FC790
2d,00088D08,15,1,000FC80C,0,000FC84A
2d,00088D14,15,1,000FC8C6,0,000FC904
2d,00088D20,15,1,000FC980,0,000FC9BE
2d,00088D2C,15,1,000FCA3A,0,000FCA78
2d,00088D38,15,1,000FCAF4,0,000FCB32
2d,00088D44,15,1,000FCBAE,0,000FCBEC
2d,00088D50,15,1,000FCC68,0,000FCCA6
2d,00088D5C,15,1,000FCD22,0,000FCD60
2d,00088D68,15,1,000FCDDC,0,000FCE1A
2d,00088D74,15,1,000FCE96,0,000FCED4
2d,00088D80,15,1,000FCF50,0,000FCF8E
2d,00088D8C,15,1,000FD00A,0,000FD048
2d,00088D98,15,1,000FD0C4,0,000FD102
2d,00088DA4,15,1,000FD17E,0,000FD1BC
2d,00088DB0,15,1,000FD238,0,000FD276
2d,00088DBC,15,1,000FD2F2,0,000FD330
2d,00088DC8,15,1,000FD3AC,0,000FD3EA
2d,00088DD4,15,1,000FD466,0,000FD4A4
2d,00088DE0,15,1,000FD520,0,000FD55E
2d,00088DEC,15,1,000FD5DA,0,000FD618
2d,00088DF8,15,1,000FD694,0,000FD6D2
2d,00088E04,15,1,000FD74E,0,000FD78C
2d,00088E10,15,1,000FD808,0,000FD846
2d,00088E1C,15,1,000FD8C2,0,000FD900
2d,00088E28,15,1,000FD97C,0,000FD9BA
2d,00088E34,15,1,000FDA36,0,000FDA74
2d,00088E40,15,1,000FDAF0,0,000FDB2E
2d,00088E4C,15,1,000FDBAA,0,000FDBE8
2d,00088E58,15,1,000FDC64,0,000FDCA2
2d,00088E64,15,1,000FDD1E,0,000FDD5C
2d,00088E70,15,1,000FDDD8,0,000FDE16
2d,00088E7C,15,1,000FDE92,0,000FDED0
2d,00088E88,15,1,000FDF4C,0,000FDF8A
2d,00088E94,15,1,000FE006,0,000FE044
2d,00088EA0,15,1,000FE0C0,0,000FE0FE
2d,00088EAC,15,1,000FE17A,0,000FE1B8
2d,00088EB8,15,1,000FE234,0,000FE272
2d,0008909C,4,1,00050100,0,000B0100
2d,000890A8,12,1,000D0100,0,000F0100
2d,00089430,9,1,000893D0,0,000893F4
2d,0008943C,9,1,00089400,0,00089424
2d,00089720,7,1,00020200,0,000766C4
2d,00089730,7,1,00050100,0,00076720
2d,0008973C,11,1,00076742,0,000C0200
2d,0008974C,13,1,0007679C,0,000F0100
2d,0008975C,16,1,000767EA,0,00130100
2d,0008A148,5,1,0000000E,0,00012C00
3d,0008A294,2,3,00040005,00060007,00080009
3d,0008A2A4,10,11,000C000D,000E000F,00100011
2d,0008A2B4,18,1,00140015,0,00160017
3d,0008AA50,3,4,00050006,00070008,0009000A
3d,0008AA60,11,12,000D000E,000F0010,00110012
2d,0008AA70,19,1,00150016,0,00170018
3d,0008B0C8,3,4,00050006,00070008,0009000A
3d,0008B0D8,11,12,000D000E,000F0010,00110012
2d,0008B0E8,19,1,00150016,0,00170018
2d,0008B74C,6,1,00000001,0,00020003
2d,0008B788,9,1,000A0000,0,000FFAFF
2d,0008B7C8,20,1,000A237C,0,000A23CC
2d,0008B7DC,20,1,000A23E0,0,000A2430
2d,0008B7F0,6,1,000A2444,0,000A245C
2d,0008B804,6,1,000A2464,0,000A247C
2d,0008B818,6,1,000A2484,0,000A249C
2d,0008B82C,6,1,000A24A4,0,000A24BC
2d,0008B840,13,1,000A24C4,0,000A24F8
2d,0008B854,20,1,000A2508,0,000A2558
2d,0008B868,8,1,000A256C,0,000A258C
2d,0008B874,2,1,000A2594,0,000A259C
2d,0008B888,13,1,000A25A0,0,000A25D4
2d,0008B894,13,1,000A25E4,0,000A2618
2d,0008B8A8,2,1,000A2628,0,000A2630
2d,0008B8BC,4,1,000A2634,0,000A2644
2d,0008B8C8,8,1,000A2648,0,000A2668
2d,0008B8D4,8,1,000A2670,0,000A2690
2d,0008B8E0,10,1,000A2698,0,000A26C0
2d,0008B8EC,10,1,000A26CC,0,000A26F4
2d,0008B8F8,11,1,000A2700,0,000A272C
2d,0008B904,8,1,000A2738,0,000A2758
2d,0008B918,8,1,000A2760,0,000A2780
2d,0008B92C,8,1,000A2788,0,000A27A8
2d,0008B940,8,1,000A27B0,0,000A27D0
2d,0008B954,8,1,000A27D8,0,000A27F8
2d,0008B968,23,1,000A2800,0,000A285C
2d,0008B97C,8,1,000A2874,0,000A2894
2d,0008B990,8,1,000A289C,0,000A28BC
2d,0008B9A4,8,1,000A28C4,0,000A28E4
2d,0008B9B8,8,1,000A28EC,0,000A290C
2d,0008B9CC,8,1,000A2914,0,000A2934
2d,0008B9E0,8,1,000A293C,0,000A295C
2d,0008B9F4,8,1,000A2964,0,000A2984
2d,0008BA08,8,1,000A298C,0,000A29AC
2d,0008BA1C,8,1,000A29B4,0,000A29D4
2d,0008BA30,8,1,000A29DC,0,000A29FC
2d,0008BA44,8,1,000A2A04,0,000A2A24
2d,0008BA58,8,1,000A2A2C,0,000A2A4C
2d,0008BA6C,8,1,000A2A54,0,000A2A74
2d,0008BA80,8,1,000A2A7C,0,000A2A9C
2d,0008BA94,13,1,000A2AA4,0,000A2AD8
2d,0008BAA0,15,1,000A2AE8,0,000A2B24
2d,0008BAAC,13,1,000A2B34,0,000A2B68
2d,0008BAB8,8,1,000A2B78,0,000A2B98
2d,0008BACC,8,1,000A2BA0,0,000A2BC0
2d,0008BAE0,8,1,000A2BC8,0,000A2BE8
2d,0008BAF4,8,1,000A2BF0,0,000A2C10
2d,0008BB08,8,1,000A2C18,0,000A2C38
2d,0008BB1C,8,1,000A2C40,0,000A2C60
2d,0008BB30,8,1,000A2C68,0,000A2C88
2d,0008BB44,8,1,000A2C90,0,000A2CB0
2d,0008BB58,8,1,000A2CB8,0,000A2CD8
2d,0008BB6C,8,1,000A2CE0,0,000A2D00
2d,0008BB80,8,1,000A2D08,0,000A2D28
2d,0008BB94,8,1,000A2D30,0,000A2D50
2d,0008BBA8,2,1,000A2D58,0,000A2D60
2d,0008BBBC,3,1,000A2D64,0,000A2D70
2d,0008BBC8,6,1,000A2D74,0,000A2D8C
2d,0008BBDC,6,1,000A2D98,0,000A2DB0
2d,0008BBF0,10,1,000A2DBC,0,000A2DE4
2d,0008BC04,10,1,000A2DF8,0,000A2E20
2d,0008BC18,10,1,000A2E34,0,000A2E5C
2d,0008BC2C,6,1,000A2E70,0,000A2E88
2d,0008BC40,6,1,000A2E94,0,000A2EAC
2d,0008BC54,10,1,000A2EB8,0,000A2EE0
2d,0008BC68,11,1,000A2EF4,0,000A2F20
2d,0008BC7C,23,1,000A2F38,0,000A2F94
2d,0008BC90,23,1,000A2FC4,0,000A3020
2d,0008BCA4,23,1,000A3050,0,000A30AC
2d,0008BCB8,23,1,000A30DC,0,000A3138
2d,0008BCCC,23,1,000A3168,0,000A31C4
2d,0008BCE0,21,1,000A31F4,0,000A3248
2d,0008BCF4,21,1,000A3274,0,000A32C8
2d,0008BD08,21,1,000A32F4,0,000A3348
2d,0008BD1C,21,1,000A3374,0,000A33C8
2d,0008BD30,21,1,000A33F4,0,000A3448
2d,0008BD44,21,1,000A3474,0,000A34C8
2d,0008BD58,21,1,000A34F4,0,000A3548
2d,0008BD6C,21,1,000A3574,0,000A35C8
2d,0008BD80,21,1,000A35F4,0,000A3648
2d,0008BD94,21,1,000A3674,0,000A36C8
2d,0008BDA8,21,1,000A36F4,0,000A3748
2d,0008BDBC,8,1,000A3774,0,000A3794
2d,0008BDD0,10,1,000A37A4,0,000A37CC
2d,0008BDE4,10,1,000A37E0,0,000A3808
2d,0008BDF8,10,1,000A381C,0,000A3844
2d,0008BE0C,13,1,000A3858,0,000A388C
2d,0008BE20,9,1,000A38A8,0,000A38CC
2d,0008BE34,23,1,000A38E0,0,000A393C
2d,0008BE48,23,1,000A396C,0,000A39C8
2d,0008BE5C,23,1,000A39F8,0,000A3A54
2d,0008BE70,6,1,000A3A84,0,000A3A9C
2d,0008BE84,6,1,000A3AA8,0,000A3AC0
2d,0008BE98,4,1,000A3ACC,0,000A3ADC
2d,0008BEA4,4,1,000A3AE4,0,000A3AF4
2d,0008BEB0,10,1,000A3AFC,0,000A3B24
2d,0008BEC4,6,1,000A3B38,0,000A3B50
2d,0008BED8,10,1,000A3B5C,0,000A3B84
2d,0008BEEC,6,1,000A3B98,0,000A3BB0
2d,0008BF00,6,1,000A3BBC,0,000A3BD4
2d,0008BF14,6,1,000A3BE0,0,000A3BF8
2d,0008BF28,6,1,000A3C04,0,000A3C1C
2d,0008BF3C,6,1,000A3C28,0,000A3C40
2d,0008BF50,10,1,000A3C4C,0,000A3C74
2d,0008BF64,10,1,000A3C88,0,000A3CB0
2d,0008BF78,11,1,000A3CC4,0,000A3CF0
2d,0008BF8C,11,1,000A3D08,0,000A3D34
2d,0008BFA0,9,1,000A3D4C,0,000A3D70
2d,0008BFB4,11,1,000A3D84,0,000A3DB0
2d,0008BFC8,11,1,000A3DC8,0,000A3DF4
2d,0008BFDC,11,1,000A3E0C,0,000A3E38
2d,0008BFF0,18,1,000A3E50,0,000A3E98
2d,0008C004,14,1,000A3EBC,0,000A3EF4
2d,0008C018,14,1,000A3F10,0,000A3F48
2d,0008C02C,11,1,000A3F64,0,000A3F90
2d,0008C040,10,1,000A3FA8,0,000A3FD0
2d,0008C054,10,1,000A3FE4,0,000A400C
2d,0008C060,11,1,000A4020,0,000A404C
2d,0008C074,11,1,000A4064,0,000A4090
2d,0008C088,10,1,000A40A8,0,000A40D0
2d,0008C09C,5,1,000A40E4,0,000A40F8
2d,0008C0B0,26,1,000A4104,0,000A416C
2d,0008C0C4,26,1,000A41A0,0,000A4208
2d,0008C0D8,26,1,000A423C,0,000A42A4
2d,0008C0EC,26,1,000A42D8,0,000A4340
2d,0008C100,26,1,000A4374,0,000A43DC
2d,0008C114,6,1,000A4410,0,000A4428
2d,0008C128,11,1,000A4434,0,000A4460
2d,0008C134,11,1,000A4478,0,000A44A4
2d,0008C140,15,1,000A44BC,0,000A44F8
2d,0008C154,15,1,000A4518,0,000A4554
2d,0008C168,15,1,000A4574,0,000A45B0
2d,0008C17C,15,1,000A45D0,0,000A460C
2d,0008C190,15,1,000A462C,0,000A4668
2d,0008C1A4,15,1,000A4688,0,000A46C4
2d,0008C1B8,15,1,000A46E4,0,000A4720
2d,0008C1CC,8,1,000A4740,0,000A4760
2d,0008C1E0,8,1,000A4770,0,000A4790
2d,0008C1F4,10,1,000A47A0,0,000A47C8
2d,0008C208,10,1,000A47DC,0,000A4804
2d,0008C21C,10,1,000A4818,0,000A4840
2d,0008C230,2,1,000A4854,0,000A485C
2d,0008C244,2,1,000A4860,0,000A4868
2d,0008C258,2,1,000A486C,0,000A4874
2d,0008C26C,10,1,000A4878,0,000A48A0
2d,0008C280,3,1,000A48B4,0,000A48C0
2d,0008C294,3,1,000A48C8,0,000A48D4
2d,0008C2A8,9,1,000A48DC,0,000A4900
2d,0008C2B4,10,1,000A4914,0,000A493C
2d,0008C2C8,10,1,000A4950,0,000A4978
2d,0008C2DC,10,1,000A498C,0,000A49B4
2d,0008C2F0,10,1,000A49C8,0,000A49F0
2d,0008C304,10,1,000A4A04,0,000A4A2C
2d,0008C318,10,1,000A4A40,0,000A4A68
2d,0008C32C,10,1,000A4A7C,0,000A4AA4
2d,0008C340,8,1,000A4AB8,0,000A4AD8
2d,0008C354,8,1,000A4AE8,0,000A4B08
2d,0008C360,14,1,000A4B18,0,000A4B50
2d,0008C374,14,1,000A4B6C,0,000A4BA4
2d,0008C388,21,1,000A4BC0,0,000A4C14
2d,0008C39C,12,1,000A4C40,0,000A4C70
2d,0008C3B0,8,1,000A4C88,0,000A4CA8
2d,0008C3C4,10,1,000A4CB8,0,000A4CE0
2d,0008C3D8,10,1,000A4CF4,0,000A4D1C
2d,0008C3EC,11,1,000A4D30,0,000A4D5C
2d,0008C3F8,11,1,000A4D74,0,000A4DA0
2d,0008C40C,6,1,000A4DB8,0,000A4DD0
2d,0008C420,10,1,000A4DDC,0,000A4E04
2d,0008C434,10,1,000A4E18,0,000A4E40
2d,0008C448,10,1,000A4E54,0,000A4E7C
2d,0008C45C,10,1,000A4E90,0,000A4EB8
2d,0008C470,2,1,000A4ECC,0,000A4ED4
2d,0008C484,2,1,000A4ED8,0,000A4EE0
2d,0008C498,16,1,000A4EE4,0,000A4F24
2d,0008C4AC,8,1,000A4F44,0,000A4F64
2d,0008C4C0,10,1,000A4F74,0,000A4F9C
2d,0008C4D4,10,1,000A4FB0,0,000A4FD8
2d,0008C4E8,8,1,000A4FEC,0,000A500C
2d,0008C4FC,8,1,000A501C,0,000A503C
2d,0008C510,11,1,000A504C,0,000A5078
2d,0008C51C,12,1,000A5090,0,000A50C0
2d,0008C530,12,1,000A50D8,0,000A5108
2d,0008C544,13,1,000A5120,0,000A5154
2d,0008C558,20,1,000A5170,0,000A51C0
2d,0008C56C,20,1,000A51E8,0,000A5238
2d,0008C580,24,1,000A5260,0,000A52C0
2d,0008C594,14,1,000A52F0,0,000A5328
2d,0008C5A8,14,1,000A5344,0,000A537C
2d,0008C5BC,13,1,000A5398,0,000A53CC
2d,0008C5D0,4,1,000A53E8,0,000A53F8
2d,0008C5DC,13,1,000A5400,0,000A5434
2d,0008C5E8,11,1,000A5450,0,000A547C
2d,0008C5FC,10,1,000A5494,0,000A54BC
2d,0008C610,10,1,000A54D0,0,000A54F8
2d,0008C624,10,1,000A550C,0,000A5534
2d,0008C638,10,1,000A5548,0,000A5570
2d,0008C64C,10,1,000A5584,0,000A55AC
2d,0008C660,10,1,000A55C0,0,000A55E8
2d,0008C674,10,1,000A55FC,0,000A5624
2d,0008C688,10,1,000A5638,0,000A5660
2d,0008C69C,10,1,000A5674,0,000A569C
2d,0008C6B0,10,1,000A56B0,0,000A56D8
2d,0008C6C4,10,1,000A56EC,0,000A5714
2d,0008C6D8,2,1,000A5728,0,000A5730
2d,0008C6EC,2,1,000A5734,0,000A573C
2d,0008C700,23,1,000A5740,0,000A579C
2d,0008C714,23,1,000A57CC,0,000A5828
2d,0008C728,23,1,000A5858,0,000A58B4
2d,0008C73C,10,1,000A58E4,0,000A590C
2d,0008C750,10,1,000A5920,0,000A5948
2d,0008C764,10,1,000A595C,0,000A5984
2d,0008C770,10,1,000A5998,0,000A59C0
2d,0008C784,10,1,000A59D4,0,000A59FC
2d,0008C798,10,1,000A5A10,0,000A5A38
2d,0008C7AC,8,1,000A5A4C,0,000A5A6C
2d,0008C7C0,10,1,000A5A7C,0,000A5AA4
2d,0008C7D4,11,1,000A5AB8,0,000A5AE4
2d,0008C7E0,11,1,000A5AFC,0,000A5B28
2d,0008C7F4,11,1,000A5B40,0,000A5B6C
2d,0008C808,8,1,000A5B84,0,000A5BA4
2d,0008C81C,8,1,000A5BB4,0,000A5BD4
2d,0008C830,11,1,000A5BE4,0,000A5C10
2d,0008C83C,5,1,000A5C28,0,000A5C3C
2d,0008C850,5,1,000A5C48,0,000A5C5C
2d,0008C864,8,1,000A5C68,0,000A5C88
2d,0008C870,11,1,000A5C98,0,000A5CC4
2d,0008C87C,11,1,000A5CF0,0,000A5D1C
2d,0008C888,11,1,000A5D48,0,000A5D74
2d,0008C894,11,1,000A5DA0,0,000A5DCC
2d,0008C8A0,10,1,000A5DF8,0,000A5E20
2d,0008C8AC,10,1,000A5E48,0,000A5E70
2d,0008C8B8,5,1,000A5E98,0,000A5EAC
2d,0008C8C4,10,1,000A5EC0,0,000A5EE8
2d,0008C8D0,4,1,000A5F10,0,000A5F20
2d,0008C8DC,12,1,000A5F30,0,000A5F60
2d,0008C8E8,8,1,000A5F90,0,000A5FB0
2d,0008C8F4,10,1,000A5FD0,0,000A5FF8
2d,0008C900,10,1,000A6020,0,000A6048
2d,0008C90C,10,1,000A6070,0,000A6098
2d,0008C918,37,1,000A60C0,0,000A6154
2d,0008C924,24,1,000A61E8,0,000A6248
2d,0008C930,24,1,000A62A8,0,000A6308
2d,0008C93C,24,1,000A6368,0,000A63C8
2d,0008C948,8,1,000A6428,0,000A6448
2d,0008C954,20,1,000A6468,0,000A64B8
2d,0008C960,6,1,000A6508,0,000A6520
2d,0008C96C,6,1,000A6538,0,000A6550
2d,0008C978,23,1,000A6568,0,000A65C4
2d,0008C984,11,1,000A6620,0,000A664C
2d,0008C990,10,1,000A6678,0,000A66A0
2d,0008C99C,15,1,000A66C8,0,000A6704
2d,0008C9A8,15,1,000A6740,0,000A677C
2d,0008C9B4,15,1,000A67B8,0,000A67F4
2d,0008C9C0,11,1,000A6830,0,000A685C
2d,0008C9CC,11,1,000A6888,0,000A68B4
2d,0008C9D8,11,1,000A68E0,0,000A690C
2d,0008C9E4,10,1,000A6938,0,000A6960
2d,0008C9F0,20,1,000A6988,0,000A69D8
2d,0008C9FC,20,1,000A6A28,0,000A6A78
2d,0008CA08,6,1,000A6AC8,0,000A6AE0
2d,0008CA14,5,1,000A6AF8,0,000A6B0C
2d,0008CA20,5,1,000A6B20,0,000A6B34
2d,0008CA2C,11,1,000A6B48,0,000A6B74
2d,0008CA38,11,1,000A6BA0,0,000A6BCC
2d,0008CA44,11,1,000A6BF8,0,000A6C24
2d,0008CA50,11,1,000A6C50,0,000A6C7C
2d,0008CA5C,13,1,000A6CA8,0,000A6CDC
2d,0008CA68,5,1,000A6D10,0,000A6D24
2d,0008CA74,10,1,000A6D38,0,000A6D60
2d,0008CA80,5,1,000A6D88,0,000A6D9C
2d,0008CA8C,24,1,000A6DB0,0,000A6E10
2d,0008CA98,10,1,000A6E70,0,000A6E98
2d,0008CAA4,10,1,000A6EC0,0,000A6EE8
2d,0008CAB0,10,1,000A6F10,0,000A6F38
2d,0008CABC,10,1,000A6F60,0,000A6F88
2d,0008CAC8,10,1,000A6FB0,0,000A6FD8
2d,0008CAD4,10,1,000A7000,0,000A7028
2d,0008CAE0,23,1,000A7050,0,000A70AC
2d,0008CAEC,10,1,000A7108,0,000A7130
2d,0008CAF8,10,1,000A7158,0,000A7180
2d,0008CB04,6,1,000A71A8,0,000A71C0
2d,0008CB10,8,1,000A71D8,0,000A71F8
2d,0008CB1C,11,1,000A7218,0,000A7244
2d,0008CB28,11,1,000A7270,0,000A729C
2d,0008CB34,11,1,000A72C8,0,000A72F4
2d,0008CB40,11,1,000A7320,0,000A734C
2d,0008CB4C,10,1,000A7378,0,000A73A0
2d,0008CB58,10,1,000A73C8,0,000A73F0
2d,0008CB64,23,1,000A7418,0,000A7474
2d,0008CB70,11,1,000A74D0,0,000A74FC
2d,0008CB7C,7,1,000A7528,0,000A7544
2d,0008CB88,9,1,000A7560,0,000A7584
2d,0008CB94,10,1,000A75A8,0,000A75D0
2d,0008CBA0,10,1,000A75F8,0,000A7620
2d,0008CBAC,6,1,000A7648,0,000A7660
2d,0008CBB8,16,1,000A7678,0,000A76B8
2d,0008CBC4,16,1,000A76F8,0,000A7738
2d,0008CBD0,16,1,000A7778,0,000A77B8
2d,0008CBDC,23,1,000A77F8,0,000A7854
2d,0008CBE8,9,1,000A78B0,0,000A78D4
2d,0008CBF4,11,1,000A78F8,0,000A7924
2d,0008CC00,6,1,000A7950,0,000A7968
2d,0008CC0C,23,1,000A7980,0,000A79DC
2d,0008CC18,11,1,000A7A38,0,000A7A64
2d,0008CC24,15,1,000A7A90,0,000A7ACC
2d,0008CC30,15,1,000A7B08,0,000A7B44
2d,0008CC3C,15,1,000A7B80,0,000A7BBC
2d,0008CC48,10,1,000A7BF8,0,000A7C20
2d,0008CC54,10,1,000A7C48,0,000A7C70
2d,0008CC60,15,1,000A7C98,0,000A7CD4
2d,0008CC6C,15,1,000A7D10,0,000A7D4C
2d,0008CC78,15,1,000A7D88,0,000A7DC4
2d,0008CC84,15,1,000A7E00,0,000A7E3C
2d,0008CC90,15,1,000A7E78,0,000A7EB4
2d,0008CC9C,6,1,000A7EF0,0,000A7F08
2d,0008CCA8,15,1,000A7F20,0,000A7F5C
2d,0008CCB4,15,1,000A7F98,0,000A7FD4
2d,0008CCC0,15,1,000A8010,0,000A804C
2d,0008CCCC,10,1,000A8088,0,000A80B0
2d,0008CCD8,16,1,000A80D8,0,000A8118
2d,0008CCE4,10,1,000A8158,0,000A8180
2d,0008CCF0,14,1,000A81A8,0,000A81E0
2d,0008CCFC,13,1,000A8218,0,000A824C
2d,0008CD08,25,1,000A8280,0,000A82E4
2d,0008CD14,25,1,000A8348,0,000A83AC
2d,0008CD20,11,1,000A8410,0,000A843C
2d,0008CD2C,20,1,000A8468,0,000A84B8
2d,0008CD38,20,1,000A8508,0,000A8558
2d,0008CD44,20,1,000A85A8,0,000A85F8
2d,0008CD50,14,1,000A8648,0,000A8680
2d,0008CD5C,11,1,000A86B8,0,000A86E4
2d,0008CD68,5,1,000A8710,0,000A8724
2d,0008CD74,11,1,000A8738,0,000A8764
2d,0008CD80,11,1,000A8790,0,000A87BC
2d,0008CD8C,10,1,000A87E8,0,000A8810
2d,0008CD98,20,1,000A8838,0,000A8888
2d,0008CDA4,10,1,000A88D8,0,000A8900
2d,0008CDB0,8,1,000A8928,0,000A8948
2d,0008CDBC,10,1,000A8968,0,000A8990
2d,0008CDC8,9,1,000A89B8,0,000A89DC
2d,0008CDD4,6,1,000A8A00,0,000A8A18
2d,0008CDE0,22,1,000A8A30,0,000A8A88
2d,0008CDEC,21,1,000A8AE0,0,000A8B34
2d,0008CDF8,8,1,000A8B88,0,000A8BA8
2d,0008CE04,8,1,000A8BC8,0,000A8BE8
2d,0008CE10,8,1,000A8C08,0,000A8C28
2d,0008CE1C,8,1,000A8C48,0,000A8C68
2d,0008CE28,11,1,000A8C88,0,000A8CB4
2d,0008CE34,8,1,000A8CE0,0,000A8D00
2d,0008CE40,8,1,000A8D20,0,000A8D40
2d,0008CE4C,11,1,000A8D60,0,000A8D8C
2d,0008CE58,11,1,000A8DB8,0,000A8DE4
2d,0008CE64,8,1,000A8E10,0,000A8E30
2d,0008CE70,11,1,000A8E50,0,000A8E7C
2d,0008CE7C,16,1,000A8EA8,0,000A8EE8
2d,0008CE88,16,1,000A8F28,0,000A8F68
2d,0008CE94,16,1,000A8FA8,0,000A8FE8
2d,0008CEA0,8,1,000A9028,0,000A9048
2d,0008CEAC,11,1,000A9068,0,000A9094
2d,0008CEB8,7,1,000A90C0,0,000A90DC
2d,0008CEC4,6,1,000A90F8,0,000A9110
2d,0008CED0,6,1,000A9128,0,000A9140
2d,0008CEDC,6,1,000A9158,0,000A9170
2d,0008CEE8,6,1,000A9188,0,000A91A0
2d,0008CEF4,8,1,000A91B8,0,000A91D8
2d,0008CF00,8,1,000A91F8,0,000A9218
2d,0008CF0C,8,1,000A9238,0,000A9258
2d,0008CF18,5,1,000A9278,0,000A928C
2d,0008CF24,8,1,000A92A0,0,000A92C0
2d,0008CF30,8,1,000A92E0,0,000A9300
2d,0008CF3C,10,1,000A9320,0,000A9348
2d,0008CF48,10,1,000A9370,0,000A9398
2d,0008CF54,20,1,000A93C0,0,000A9410
2d,0008CF60,10,1,000A9460,0,000A9488
2d,0008CF6C,10,1,000A94B0,0,000A94D8
2d,0008CF78,20,1,000A9500,0,000A9550
2d,0008CF84,20,1,000A95A0,0,000A95F0
2d,0008CF90,10,1,000A9640,0,000A9668
2d,0008CF9C,8,1,000A9690,0,000A96B0
2d,0008CFA8,8,1,000A96D0,0,000A96F0
2d,0008CFB4,10,1,000A9710,0,000A9738
2d,0008CFC0,10,1,000A9760,0,000A9788
2d,0008CFCC,10,1,000A97B0,0,000A97D8
2d,0008CFD8,10,1,000A9800,0,000A9828
2d,0008CFE4,18,1,000A9850,0,000A9898
2d,0008CFF0,23,1,000A98E0,0,000A993C
2d,0008CFFC,8,1,000A9998,0,000A99B8
2d,0008D008,8,1,000A99D8,0,000A99F8
2d,0008D014,8,1,000A9A18,0,000A9A38
2d,0008D020,8,1,000A9A58,0,000A9A78
2d,0008D02C,7,1,000A9A98,0,000A9AB4
2d,0008D038,7,1,000A9AD0,0,000A9AEC
2d,0008D044,5,1,000A9B08,0,000A9B1C
2d,0008D050,11,1,000A9B30,0,000A9B5C
2d,0008D05C,5,1,000A9B88,0,000A9B9C
2d,0008D068,5,1,000A9BB0,0,000A9BC4
2d,0008D074,5,1,000A9BD8,0,000A9BEC
3d,0008D080,8,8,000A9C00,000A9C20,000A9C40
3d,0008D09C,10,10,000A9C80,000A9CA8,000A9CD0
3d,0008D0B8,10,10,000A9D34,000A9D5C,000A9D84
3d,0008D0D4,16,16,000A9DE8,000A9E28,000A9E68
3d,0008D0F0,16,16,000A9F68,000A9FA8,000A9FE8
3d,0008D10C,16,16,000AA0E8,000AA128,000AA168
3d,0008D128,16,16,000AA268,000AA2A8,000AA2E8
3d,0008D144,8,8,000AA3E8,000AA408,000AA428
3d,0008D158,8,8,000AA468,000AA488,000AA4A8
3d,0008D16C,10,10,000AA4E8,000AA510,000AA538
3d,0008D188,8,8,000AA59C,000AA5BC,000AA5DC
3d,0008D1A4,8,8,000AA61C,000AA63C,000AA65C
3d,0008D1C0,8,8,000AA69C,000AA6BC,000AA6DC
3d,0008D1DC,8,8,000AA71C,000AA73C,000AA75C
3d,0008D1F8,21,16,000AA79C,000AA7F0,000AA830
3d,0008D214,21,16,000AA980,000AA9D4,000AAA14
3d,0008D230,21,16,000AAB64,000AABB8,000AABF8
3d,0008D24C,21,16,000AAD48,000AAD9C,000AADDC
3d,0008D268,6,8,000AAF2C,000AAF44,000AAF64
3d,0008D284,6,8,000AAF94,000AAFAC,000AAFCC
3d,0008D2A0,2,2,000AAFFC,000AB004,000AB00C
3d,0008D2BC,2,2,000AB010,000AB018,000AB020
3d,0008D2D8,2,2,000AB024,000AB02C,000AB034
3d,0008D2F4,9,10,000AB038,000AB05C,000AB084
3d,0008D310,9,10,000AB0E0,000AB104,000AB12C
3d,0008D32C,12,8,000AB188,000AB1B8,000AB1D8
3d,0008D340,26,28,000AB238,000AB2A0,000AB310
3d,0008D35C,26,28,000AB8C0,000AB928,000AB998
3d,0008D378,26,28,000ABF48,000ABFB0,000AC020
3d,0008D394,26,28,000AC5D0,000AC638,000AC6A8
3d,0008D3B0,20,20,000ACC58,000ACCA8,000ACCF8
3d,0008D3CC,20,20,000AD018,000AD068,000AD0B8
3d,0008D3E8,20,20,000AD3D8,000AD428,000AD478
3d,0008D404,20,20,000AD798,000AD7E8,000AD838
3d,0008D420,20,20,000ADB58,000ADBA8,000ADBF8
3d,0008D43C,12,15,000ADF18,000ADF48,000ADF84
3d,0008D458,12,15,000AE0EC,000AE11C,000AE158
3d,0008D474,12,15,000AE2C0,000AE2F0,000AE32C
3d,0008D490,27,8,000AE494,000AE500,000AE520
3d,0008D4AC,26,17,000AE6D0,000AE738,000AE77C
3d,0008D4C8,20,20,000AEAF0,000AEB40,000AEB90
3d,0008D4E4,20,20,000AEEB0,000AEF00,000AEF50
3d,0008D500,20,20,000AF270,000AF2C0,000AF310
3d,0008D51C,20,20,000AF630,000AF680,000AF6D0
3d,0008D538,20,20,000AF9F0,000AFA40,000AFA90
3d,0008D554,2,2,000AFDB0,000AFDB8,000AFDC0
3d,0008D570,2,2,000AFDC8,000AFDD0,000AFDD8
3d,0008D58C,26,28,000AFDE0,000AFE48,000AFEB8
3d,0008D5A8,26,28,000B0468,000B04D0,000B0540
3d,0008D5C4,26,28,000B0AF0,000B0B58,000B0BC8
3d,0008D5E0,26,28,000B1178,000B11E0,000B1250
3d,0008D5FC,21,20,000B1800,000B1854,000B18A4
3d,0008D618,21,20,000B1BEC,000B1C40,000B1C90
3d,0008D634,21,20,000B1FD8,000B202C,000B207C
3d,0008D650,21,10,000B23C4,000B2418,000B2440
3d,0008D66C,2,2,000B25E4,000B25EC,000B25F4
3d,0008D688,21,11,000B25FC,000B2650,000B267C
3d,0008D6A4,21,11,000B284C,000B28A0,000B28CC
3d,0008D6C0,21,11,000B2A9C,000B2AF0,000B2B1C
3d,0008D6DC,21,11,000B2CEC,000B2D40,000B2D6C
3d,0008D6F8,21,16,000B2F3C,000B2F90,000B2FD0
3d,0008D714,21,16,000B3270,000B32C4,000B3304
3d,0008D730,21,16,000B35A4,000B35F8,000B3638
3d,0008D74C,21,16,000B38D8,000B392C,000B396C
3d,0008D768,21,16,000B3C0C,000B3C60,000B3CA0
3d,0008D784,23,11,000B3F40,000B3F9C,000B3FC8
3d,0008D7A0,23,14,000B41C4,000B4220,000B4258
3d,0008D7BC,23,15,000B44DC,000B4538,000B4574
3d,0008D7D8,21,16,000B4828,000B487C,000B48BC
3d,0008D7F4,21,16,000B4B5C,000B4BB0,000B4BF0
3d,0008D810,21,16,000B4E90,000B4EE4,000B4F24
3d,0008D82C,21,16,000B51C4,000B5218,000B5258
3d,0008D848,21,16,000B54F8,000B554C,000B558C
3d,0008D864,15,7,000B582C,000B5868,000B5884
3d,0008D880,15,7,000B5958,000B5994,000B59B0
3d,0008D89C,15,7,000B5A84,000B5AC0,000B5ADC
3d,0008D8B8,21,16,000B5BB0,000B5C04,000B5C44
3d,0008D8D4,21,16,000B5EE4,000B5F38,000B5F78
3d,0008D8F0,21,16,000B6218,000B626C,000B62AC
3d,0008D90C,21,16,000B654C,000B65A0,000B65E0
3d,0008D928,21,16,000B6880,000B68D4,000B6914
3d,0008D944,21,16,000B6BB4,000B6C08,000B6C48
3d,0008D960,21,16,000B6EE8,000B6F3C,000B6F7C
3d,0008D97C,23,10,000B721C,000B7278,000B72A0
3d,0008D998,23,20,000B746C,000B74C8,000B7518
3d,0008D9B4,21,16,000B78B0,000B7904,000B7944
3d,0008D9D0,21,16,000B7BE4,000B7C38,000B7C78
3d,0008D9EC,21,16,000B7F18,000B7F6C,000B7FAC
3d,0008DA08,21,16,000B824C,000B82A0,000B82E0
3d,0008DA24,21,15,000B8580,000B85D4,000B8610
3d,0008DA40,11,14,000B8888,000B88B4,000B88EC
3d,0008DA5C,21,16,000B8A20,000B8A74,000B8AB4
3d,0008DA78,21,16,000B8D54,000B8DA8,000B8DE8
3d,0008DA94,21,16,000B9088,000B90DC,000B911C
3d,0008DAB0,21,16,000B93BC,000B9410,000B9450
3d,0008DACC,19,6,000B96F0,000B973C,000B9754
3d,0008DAE8,21,20,000B9838,000B988C,000B98DC
3d,0008DB04,21,20,000B9C24,000B9C78,000B9CC8
3d,0008DB20,21,20,000BA010,000BA064,000BA0B4
3d,0008DB3C,21,10,000BA3FC,000BA450,000BA478
3d,0008DB58,21,9,000BA61C,000BA670,000BA694
3d,0008DB74,21,16,000BA810,000BA864,000BA8A4
3d,0008DB90,21,16,000BAB44,000BAB98,000BABD8
3d,0008DBAC,21,16,000BAE78,000BAECC,000BAF0C
3d,0008DBC8,21,16,000BB1AC,000BB200,000BB240
3d,0008DBE4,21,16,000BB4E0,000BB534,000BB574
3d,0008DC00,21,16,000BB814,000BB868,000BB8A8
3d,0008DC1C,21,16,000BBB48,000BBB9C,000BBBDC
3d,0008DC38,21,16,000BBE7C,000BBED0,000BBF10
3d,0008DC54,21,16,000BC1B0,000BC204,000BC244
3d,0008DC70,21,16,000BC4E4,000BC538,000BC578
3d,0008DC8C,21,16,000BC818,000BC86C,000BC8AC
3d,0008DCA8,21,16,000BCB4C,000BCBA0,000BCBE0
3d,0008DCC4,21,16,000BCE80,000BCED4,000BCF14
3d,0008DCE0,21,16,000BD1B4,000BD208,000BD248
3d,0008DCFC,21,16,000BD4E8,000BD53C,000BD57C
3d,0008DD18,21,16,000BD81C,000BD870,000BD8B0
3d,0008DD34,23,10,000BDB50,000BDBAC,000BDBD4
3d,0008DD50,21,16,000BDDA0,000BDDF4,000BDE34
3d,0008DD6C,16,11,000BE0D4,000BE114,000BE140
3d,0008DD88,10,10,000BE2A0,000BE2C8,000BE2F0
3d,0008DDA4,10,10,000BE3B8,000BE3E0,000BE408
3d,0008DDC0,10,10,000BE4D0,000BE4F8,000BE520
3d,0008DDDC,10,10,000BE5E8,000BE610,000BE638
3d,0008DDF8,10,10,000BE700,000BE728,000BE750
3d,0008DE14,10,10,000BE818,000BE840,000BE868
3d,0008DE30,10,10,000BE930,000BE958,000BE980
3d,0008DE4C,10,10,000BEA48,000BEA70,000BEA98
3d,0008DE68,10,10,000BEB60,000BEB88,000BEBB0
3d,0008DE84,10,10,000BEC78,000BECA0,000BECC8
3d,0008DEA0,10,10,000BED90,000BEDB8,000BEDE0
3d,0008DEBC,10,10,000BEEA8,000BEED0,000BEEF8
3d,0008DED8,20,20,000BEFC0,000BF010,000BF060
3d,0008DEF4,20,20,000BF380,000BF3D0,000BF420
3d,0008DF10,26,28,000BF740,000BF7A8,000BF818
3d,0008DF2C,26,28,000BFDC8,000BFE30,000BFEA0
3d,0008DF48,26,28,000C0450,000C04B8,000C0528
3d,0008DF64,26,28,000C0AD8,000C0B40,000C0BB0
3d,0008DF80,26,28,000C1160,000C11C8,000C1238
3d,0008DF9C,26,28,000C17E8,000C1850,000C18C0
3d,0008DFB8,10,11,000C1E70,000C1E98,000C1EC4
3d,0008DFD4,10,11,000C1FA0,000C1FC8,000C1FF4
3d,0008DFF0,10,5,000C20D0,000C20F8,000C210C
3d,0008E00C,10,5,000C2170,000C2198,000C21AC
3d,0008E028,8,11,000C2210,000C2230,000C225C
3d,0008E044,20,20,000C230C,000C235C,000C23AC
3d,0008E060,20,20,000C26CC,000C271C,000C276C
3d,0008E07C,20,20,000C2A8C,000C2ADC,000C2B2C
3d,0008E098,20,20,000C2E4C,000C2E9C,000C2EEC
3d,0008E0B4,20,20,000C320C,000C325C,000C32AC
3d,0008E0D0,15,8,000C35CC,000C3608,000C3628
3d,0008E0EC,23,21,000C3718,000C3774,000C37C8
3d,0008E108,23,8,000C3B90,000C3BEC,000C3C0C
3d,0008E124,10,10,000C3D7C,000C3DA4,000C3DCC
3d,0008E140,10,10,000C3E94,000C3EBC,000C3EE4
3d,0008E15C,23,11,000C3FAC,000C4008,000C4034
3d,0008E178,23,11,000C4230,000C428C,000C42B8
3d,0008E194,27,5,000C44B4,000C4520,000C4534
3d,0008E1B0,6,11,000C4644,000C465C,000C4688
3d,0008E1CC,14,6,000C470C,000C4744,000C475C
3d,0008E1E8,2,2,000C4804,000C480C,000C4814
3d,0008E204,2,2,000C481C,000C4824,000C482C
3d,0008E220,24,20,000C4834,000C4894,000C48E4
3d,0008E23C,8,8,000C4CA4,000C4CC4,000C4CE4
3d,0008E258,8,8,000C4D64,000C4D84,000C4DA4
3d,0008E274,26,11,000C4E24,000C4E8C,000C4EB8
3d,0008E290,23,19,000C50F4,000C5150,000C519C
3d,0008E2AC,12,10,000C5508,000C5538,000C5560
3d,0008E2C8,12,10,000C5650,000C5680,000C56A8
3d,0008E2E4,17,35,000C5798,000C57DC,000C5868
3d,0008E300,2,2,000C5D10,000C5D18,000C5D20
3d,0008E31C,14,49,000C5D28,000C5D60,000C5E24
3d,0008E338,2,2,000C6380,000C6388,000C6390
3d,0008E354,2,2,000C6398,000C63A0,000C63A8
3d,0008E370,14,49,000C63B0,000C63E8,000C64AC
3d,0008E38C,14,49,000C6A08,000C6A40,000C6B04
3d,0008E3A8,14,49,000C7060,000C7098,000C715C
3d,0008E3C4,2,2,000C76B8,000C76C0,000C76C8
3d,0008E3E0,2,2,000C76D0,000C76D8,000C76E0
3d,0008E3FC,14,49,000C76E8,000C7720,000C77E4
3d,0008E418,14,16,000C7D40,000C7D78,000C7DB8
3d,0008E434,11,11,000C7F78,000C7FA4,000C7FD0
3d,0008E448,12,6,000C80C4,000C80F4,000C810C
3d,0008E464,17,11,000C819C,000C81E0,000C820C
3d,0008E480,20,20,000C8384,000C83D4,000C8424
3d,0008E49C,10,10,000C8744,000C876C,000C8794
3d,0008E4B8,10,10,000C885C,000C8884,000C88AC
3d,0008E4D4,20,18,000C8974,000C89C4,000C8A0C
3d,0008E4F0,20,18,000C8CDC,000C8D2C,000C8D74
3d,0008E50C,10,10,000C9044,000C906C,000C9094
3d,0008E528,10,10,000C915C,000C9184,000C91AC
3d,0008E544,23,8,000C9274,000C92D0,000C92F0
3d,0008E560,23,8,000C9460,000C94BC,000C94DC
3d,0008E57C,23,8,000C964C,000C96A8,000C96C8
3d,0008E598,23,8,000C9838,000C9894,000C98B4
3d,0008E5B4,23,8,000C9A24,000C9A80,000C9AA0
3d,0008E5D0,23,8,000C9C10,000C9C6C,000C9C8C
3d,0008E5EC,23,8,000C9DFC,000C9E58,000C9E78
3d,0008E608,23,8,000C9FE8,000CA044,000CA064
3d,0008E624,20,20,000CA1D4,000CA224,000CA274
3d,0008E640,20,20,000CA594,000CA5E4,000CA634
3d,0008E65C,20,20,000CA954,000CA9A4,000CA9F4
3d,0008E678,20,20,000CAD14,000CAD64,000CADB4
3d,0008E694,10,10,000CB0D4,000CB0FC,000CB124
3d,0008E6B0,10,10,000CB1EC,000CB214,000CB23C
3d,0008E6CC,10,10,000CB304,000CB32C,000CB354
3d,0008E6E8,6,5,000CB41C,000CB434,000CB448
3d,0008E704,6,5,000CB484,000CB49C,000CB4B0
3d,0008E720,20,18,000CB4EC,000CB53C,000CB584
3d,0008E73C,2,2,000CB854,000CB85C,000CB864
3d,0008E758,2,2,000CB86C,000CB874,000CB87C
3d,0008E774,20,20,000CB884,000CB8D4,000CB924
3d,0008E790,10,8,000CBC44,000CBC6C,000CBC8C
3d,0008E7AC,6,11,000CBD2C,000CBD44,000CBD70
3d,0008E7C8,2,2,000CBDF4,000CBDFC,000CBE04
3d,0008E7E4,20,11,000CBE0C,000CBE5C,000CBE88
3d,0008E800,26,28,000CC040,000CC0A8,000CC118
3d,0008E81C,26,28,000CC6C8,000CC730,000CC7A0
3d,0008E838,26,28,000CCD50,000CCDB8,000CCE28
3d,0008E854,26,28,000CD3D8,000CD440,000CD4B0
3d,0008E870,26,28,000CDA60,000CDAC8,000CDB38
3d,0008E88C,26,28,000CE0E8,000CE150,000CE1C0
3d,0008E8A8,21,20,000CE770,000CE7C4,000CE814
3d,0008E8C4,21,20,000CEB5C,000CEBB0,000CEC00
3d,0008E8E0,21,20,000CEF48,000CEF9C,000CEFEC
3d,0008E8FC,21,20,000CF334,000CF388,000CF3D8
3d,0008E918,21,20,000CF720,000CF774,000CF7C4
3d,0008E934,21,20,000CFB0C,000CFB60,000CFBB0
3d,0008E950,21,20,000CFEF8,000CFF4C,000CFF9C
3d,0008E96C,21,20,000D02E4,000D0338,000D0388
3d,0008E988,21,20,000D06D0,000D0724,000D0774
3d,0008E9A4,10,10,000D0ABC,000D0AE4,000D0B0C
3d,0008E9C0,21,16,000D0BD4,000D0C28,000D0C68
3d,0008E9DC,26,28,000D0F08,000D0F70,000D0FE0
3d,0008E9F8,26,28,000D1590,000D15F8,000D1668
3d,0008EA14,8,8,000D1C18,000D1C38,000D1C58
3d,0008EA30,21,20,000D1CD8,000D1D2C,000D1D7C
3d,0008EA4C,21,20,000D20C4,000D2118,000D2168
3d,0008EA60,7,7,000D24B0,000D24CC,000D24E8
3d,0008EA7C,16,11,000D254C,000D258C,000D25B8
3d,0008EA98,21,10,000D2718,000D276C,000D2794
3d,0008EAB4,23,20,000D2938,000D2994,000D29E4
3d,0008EAD0,23,20,000D2D7C,000D2DD8,000D2E28
3d,0008EAEC,23,20,000D31C0,000D321C,000D326C
3d,0008EB08,11,11,000D3604,000D3630,000D365C
3d,0008EB24,23,11,000D3750,000D37AC,000D37D8
3d,0008EB40,2,2,000D39D4,000D39DC,000D39E4
3d,0008EB5C,23,11,000D39EC,000D3A48,000D3A74
3d,0008EB78,8,8,000D3C70,000D3C90,000D3CB0
3d,0008EB94,23,15,000D3D30,000D3D8C,000D3DC8
3d,0008EBB0,23,15,000D407C,000D40D8,000D4114
3d,0008EBCC,23,15,000D43C8,000D4424,000D4460
3d,0008EBE8,23,15,000D4714,000D4770,000D47AC
3d,0008EC04,23,15,000D4A60,000D4ABC,000D4AF8
3d,0008EC20,23,15,000D4DAC,000D4E08,000D4E44
3d,0008EC3C,23,15,000D50F8,000D5154,000D5190
3d,0008EC58,23,15,000D5444,000D54A0,000D54DC
3d,0008EC74,23,15,000D5790,000D57EC,000D5828
3d,0008EC90,23,15,000D5ADC,000D5B38,000D5B74
3d,0008ECAC,23,15,000D5E28,000D5E84,000D5EC0
3d,0008ECC8,23,15,000D6174,000D61D0,000D620C
3d,0008ECE4,23,15,000D64C0,000D651C,000D6558
3d,0008ED00,23,15,000D680C,000D6868,000D68A4
3d,0008ED1C,23,15,000D6B58,000D6BB4,000D6BF0
3d,0008ED38,23,15,000D6EA4,000D6F00,000D6F3C
3d,0008ED54,23,15,000D71F0,000D724C,000D7288
3d,0008ED70,23,15,000D753C,000D7598,000D75D4
3d,0008ED8C,23,15,000D7888,000D78E4,000D7920
3d,0008EDA8,23,15,000D7BD4,000D7C30,000D7C6C
3d,0008EDC4,23,15,000D7F20,000D7F7C,000D7FB8
3d,0008EDE0,23,15,000D826C,000D82C8,000D8304
3d,0008EDFC,23,15,000D85B8,000D8614,000D8650
3d,0008EE18,23,15,000D8904,000D8960,000D899C
3d,0008EE34,2,2,000D8C50,000D8C58,000D8C60
3d,0008EE50,2,2,000D8C68,000D8C70,000D8C78
3d,0008EE6C,2,2,000D8C80,000D8C88,000D8C90
3d,0008EE88,2,2,000D8C98,000D8CA0,000D8CA8
3d,0008EEA4,2,2,000D8CB0,000D8CB8,000D8CC0
3d,0008EEC0,2,2,000D8CC8,000D8CD0,000D8CD8
3d,0008EEDC,2,2,000D8CE0,000D8CE8,000D8CF0
3d,0008EEF8,23,6,000D8CF8,000D8D54,000D8D6C
3d,0008EF14,23,6,000D8E80,000D8EDC,000D8EF4
3d,0008EF30,23,6,000D9008,000D9064,000D907C
3d,0008EF4C,23,6,000D9190,000D91EC,000D9204
3d,0008EF68,23,8,000D9318,000D9374,000D9394
3d,0008EF84,23,11,000D9504,000D9560,000D958C
3d,0008EFA0,2,2,000D9788,000D9790,000D9798
3d,0008EFBC,23,19,000D97A0,000D97FC,000D9848
3d,0008EFD8,2,2,000D9BB4,000D9BBC,000D9BC4
3d,0008EFF4,2,2,000D9BCC,000D9BD4,000D9BDC
3d,0008F010,2,2,000D9BE4,000D9BEC,000D9BF4
3d,0008F02C,2,2,000D9BFC,000D9C04,000D9C0C
3d,0008F048,23,20,000D9C14,000D9C70,000D9CC0
3d,0008F064,23,20,000DA058,000DA0B4,000DA104
3d,0008F080,23,20,000DA49C,000DA4F8,000DA548
3d,0008F09C,23,20,000DA8E0,000DA93C,000DA98C
3d,0008F0B8,11,11,000DAD24,000DAD50,000DAD7C
3d,0008F0D4,15,7,000DAE70,000DAEAC,000DAEC8
3d,0008F0F0,15,11,000DAF9C,000DAFD8,000DB004
3d,0008F10C,15,11,000DB150,000DB18C,000DB1B8
3d,0008F128,15,11,000DB304,000DB340,000DB36C
3d,0008F144,15,11,000DB4B8,000DB4F4,000DB520
3d,0008F160,15,7,000DB66C,000DB6A8,000DB6C4
3d,0008F17C,15,11,000DB798,000DB7D4,000DB800
3d,0008F198,15,11,000DB94C,000DB988,000DB9B4
3d,0008F1B4,15,11,000DBB00,000DBB3C,000DBB68
3d,0008F1D0,15,11,000DBCB4,000DBCF0,000DBD1C
3d,0008F1EC,14,15,000DBE68,000DBEA0,000DBEDC
3d,0008F208,26,14,000DC080,000DC0E8,000DC120
3d,0008F224,2,2,000DC3F8,000DC400,000DC408
3d,0008F240,2,2,000DC410,000DC418,000DC420
3d,0008F25C,2,2,000DC428,000DC430,000DC438
3d,0008F278,2,2,000DC440,000DC448,000DC450
3d,0008F294,2,2,000DC458,000DC460,000DC468
3d,0008F2B0,2,2,000DC470,000DC478,000DC480
3d,0008F2CC,2,2,000DC488,000DC490,000DC498
3d,0008F2E8,2,2,000DC4A0,000DC4A8,000DC4B0
3d,0008F304,2,2,000DC4B8,000DC4C0,000DC4C8
3d,0008F320,23,20,000DC4D0,000DC52C,000DC57C
3d,0008F33C,23,20,000DC914,000DC970,000DC9C0
3d,0008F358,23,20,000DCD58,000DCDB4,000DCE04
3d,0008F374,23,20,000DD19C,000DD1F8,000DD248
3d,0008F390,23,20,000DD5E0,000DD63C,000DD68C
3d,0008F3AC,23,20,000DDA24,000DDA80,000DDAD0
3d,0008F3C8,23,20,000DDE68,000DDEC4,000DDF14
3d,0008F3E4,23,20,000DE2AC,000DE308,000DE358
3d,0008F400,23,20,000DE6F0,000DE74C,000DE79C
3d,0008F41C,23,20,000DEB34,000DEB90,000DEBE0
3d,0008F438,23,20,000DEF78,000DEFD4,000DF024
3d,0008F454,23,20,000DF3BC,000DF418,000DF468
3d,0008F470,11,11,000DF800,000DF82C,000DF858
3d,0008F48C,21,16,000DF94C,000DF9A0,000DF9E0
3d,0008F4A8,21,16,000DFC80,000DFCD4,000DFD14
3d,0008F4C4,21,16,000DFFB4,000E0008,000E0048
3d,0008F4E0,24,20,000E02E8,000E0348,000E0398
3d,0008F4FC,23,19,000E0758,000E07B4,000E0800
3d,0008F518,23,21,000E0B6C,000E0BC8,000E0C1C
3d,0008F534,23,21,000E0FE4,000E1040,000E1094
3d,0008F550,2,2,000E145C,000E1464,000E146C
3d,0008F56C,8,8,000E1474,000E1494,000E14B4
3d,0008F588,9,9,000E1534,000E1558,000E157C
3d,0008F5A4,13,13,000E1620,000E1654,000E1688
3d,0008F5C0,21,20,000E17DC,000E1830,000E1880
3d,0008F5DC,21,20,000E1BC8,000E1C1C,000E1C6C
3d,0008F5F8,21,20,000E1FB4,000E2008,000E2058
3d,0008F614,21,20,000E23A0,000E23F4,000E2444
3d,0008F630,21,20,000E278C,000E27E0,000E2830
3d,0008F64C,21,20,000E2B78,000E2BCC,000E2C1C
3d,0008F668,21,20,000E2F64,000E2FB8,000E3008
3d,0008F684,21,20,000E3350,000E33A4,000E33F4
3d,0008F6A0,16,11,000E373C,000E377C,000E37A8
3d,0008F6BC,23,20,000E3908,000E3964,000E39B4
3d,0008F6D8,23,20,000E3D4C,000E3DA8,000E3DF8
3d,0008F6F4,23,20,000E4190,000E41EC,000E423C
3d,0008F710,11,11,000E45D4,000E4600,000E462C
3d,0008F72C,2,2,000E4720,000E4728,000E4730
3d,0008F748,23,20,000E4738,000E4794,000E47E4
3d,0008F764,23,20,000E4B7C,000E4BD8,000E4C28
3d,0008F780,23,20,000E4FC0,000E501C,000E506C
3d,0008F79C,23,20,000E5404,000E5460,000E54B0
3d,0008F7B8,2,2,000E5848,000E5850,000E5858
3d,0008F7D4,2,2,000E5860,000E5868,000E5870
3d,0008F7F0,2,2,000E5878,000E5880,000E5888
3d,0008F80C,2,2,000E5890,000E5898,000E58A0
3d,0008F828,23,20,000E58A8,000E5904,000E5954
3d,0008F844,23,20,000E5CEC,000E5D48,000E5D98
3d,0008F860,23,20,000E6130,000E618C,000E61DC
3d,0008F87C,23,20,000E6574,000E65D0,000E6620
3d,0008F898,23,20,000E69B8,000E6A14,000E6A64
3d,0008F8B4,23,20,000E6DFC,000E6E58,000E6EA8
3d,0008F8D0,23,20,000E7240,000E729C,000E72EC
3d,0008F8EC,23,20,000E7684,000E76E0,000E7730
3d,0008F908,23,20,000E7AC8,000E7B24,000E7B74
3d,0008F924,23,20,000E7F0C,000E7F68,000E7FB8
3d,0008F940,23,20,000E8350,000E83AC,000E83FC
3d,0008F95C,23,20,000E8794,000E87F0,000E8840
3d,0008F978,23,20,000E8BD8,000E8C34,000E8C84
3d,0008F994,11,11,000E901C,000E9048,000E9074
3d,0008F9B0,11,11,000E9168,000E9194,000E91C0
3d,0008F9CC,21,20,000E92B4,000E9308,000E9358
3d,0008F9E8,21,20,000E96A0,000E96F4,000E9744
3d,0008FA04,21,20,000E9A8C,000E9AE0,000E9B30
3d,0008FA20,21,20,000E9E78,000E9ECC,000E9F1C
3d,0008FA3C,2,2,000EA264,000EA26C,000EA274
3d,0008FA58,2,2,000EA27C,000EA284,000EA28C
3d,0008FA74,2,2,000EA294,000EA29C,000EA2A4
3d,0008FA90,2,2,000EA2AC,000EA2B4,000EA2BC
3d,0008FAAC,2,2,000EA2C4,000EA2CC,000EA2D4
3d,0008FAC8,23,20,000EA2DC,000EA338,000EA388
3d,0008FAE4,23,20,000EA720,000EA77C,000EA7CC
3d,0008FB00,23,20,000EAB64,000EABC0,000EAC10
3d,0008FB1C,11,11,000EAFA8,000EAFD4,000EB000
3d,0008FB38,2,2,000EB0F4,000EB0FC,000EB104
3d,0008FB54,2,2,000EB10C,000EB114,000EB11C
3d,0008FB70,2,2,000EB124,000EB12C,000EB134
3d,0008FB8C,2,2,000EB13C,000EB144,000EB14C
3d,0008FBA8,2,2,000EB154,000EB15C,000EB164
3d,0008FBC4,2,2,000EB16C,000EB174,000EB17C
3d,0008FBE0,2,2,000EB184,000EB18C,000EB194
3d,0008FBFC,2,2,000EB19C,000EB1A4,000EB1AC
3d,0008FC18,2,2,000EB1B4,000EB1BC,000EB1C4
3d,0008FC34,8,8,000EB1CC,000EB1EC,000EB20C
3d,0008FC50,23,11,000EB28C,000EB2E8,000EB314
3d,0008FC6C,23,11,000EB510,000EB56C,000EB598
3d,0008FC88,23,11,000EB794,000EB7F0,000EB81C
3d,0008FCA4,23,11,000EBA18,000EBA74,000EBAA0
3d,0008FCC0,23,11,000EBC9C,000EBCF8,000EBD24
3d,0008FCDC,23,11,000EBF20,000EBF7C,000EBFA8
3d,0008FCF8,23,11,000EC1A4,000EC200,000EC22C
3d,0008FD14,23,11,000EC428,000EC484,000EC4B0
3d,0008FD30,23,11,000EC6AC,000EC708,000EC734
3d,0008FD4C,23,11,000EC930,000EC98C,000EC9B8
3d,0008FD68,23,11,000ECBB4,000ECC10,000ECC3C
3d,0008FD84,23,11,000ECE38,000ECE94,000ECEC0
3d,0008FDA0,23,11,000ED0BC,000ED118,000ED144
3d,0008FDBC,23,11,000ED340,000ED39C,000ED3C8
3d,0008FDD8,23,11,000ED5C4,000ED620,000ED64C
3d,0008FDF4,23,11,000ED848,000ED8A4,000ED8D0
3d,0008FE10,11,8,000EDACC,000EDAF8,000EDB18
3d,0008FE2C,13,11,000EDBC8,000EDBFC,000EDC28
3d,0008FE48,13,11,000EDD48,000EDD7C,000EDDA8
3d,0008FE64,13,11,000EDEC8,000EDEFC,000EDF28
3d,0008FE80,13,11,000EE048,000EE07C,000EE0A8
3d,0008FE9C,13,11,000EE1C8,000EE1FC,000EE228
3d,0008FEB8,13,11,000EE348,000EE37C,000EE3A8
3d,0008FED4,13,11,000EE4C8,000EE4FC,000EE528
3d,0008FEF0,13,11,000EE648,000EE67C,000EE6A8
3d,0008FF0C,13,11,000EE7C8,000EE7FC,000EE828
3d,0008FF28,13,5,000EE948,000EE97C,000EE990
3d,0008FF44,23,12,000EEA14,000EEA70,000EEAA0
3d,0008FF60,23,11,000EECC8,000EED24,000EED50
3d,0008FF7C,21,20,000EEF4C,000EEFA0,000EEFF0
3d,0008FF98,21,20,000EF338,000EF38C,000EF3DC
3d,0008FFB4,10,10,000EF724,000EF74C,000EF774
3d,0008FFD0,10,10,000EF83C,000EF864,000EF88C
3d,0008FFEC,20,18,000EF954,000EF9A4,000EF9EC
3d,00090008,10,10,000EFCBC,000EFCE4,000EFD0C
3d,00090024,10,10,000EFDD4,000EFDFC,000EFE24
3d,00090040,20,20,000EFEEC,000EFF3C,000EFF8C
3d,0009005C,20,18,000F02AC,000F02FC,000F0344
3d,00090078,20,18,000F0614,000F0664,000F06AC
3d,00090094,10,10,000F097C,000F09A4,000F09CC
3d,000900B0,20,20,000F0A94,000F0AE4,000F0B34
3d,000900CC,2,2,000F0E54,000F0E5C,000F0E64
3d,000900E8,2,2,000F0E6C,000F0E74,000F0E7C
3d,00090104,2,2,000F0E84,000F0E8C,000F0E94
3d,00090120,2,2,000F0E9C,000F0EA4,000F0EAC
3d,0009013C,20,20,000F0EB4,000F0F04,000F0F54
3d,00090158,20,20,000F1274,000F12C4,000F1314
3d,00090174,20,20,000F1634,000F1684,000F16D4
3d,00090190,20,20,000F19F4,000F1A44,000F1A94
3d,000901AC,20,20,000F1DB4,000F1E04,000F1E54
3d,000901C8,11,7,000F2174,000F21A0,000F21BC
3d,000901DC,23,20,000F2258,000F22B4,000F2304
3d,000901F0,23,20,000F2A34,000F2A90,000F2AE0
3d,00090204,23,20,000F3210,000F326C,000F32BC
3d,00090218,23,20,000F39EC,000F3A48,000F3A98
3d,0009022C,23,20,000F41C8,000F4224,000F4274
3d,00090240,23,20,000F49A4,000F4A00,000F4A50
3d,00090254,15,8,000F5180,000F51BC,000F51DC
3d,00090268,12,15,000F53BC,000F53EC,000F5428
3d,0009027C,12,15,000F56F8,000F5728,000F5764
3d,00090290,12,15,000F5A34,000F5A64,000F5AA0
3d,000902A4,12,15,000F5D70,000F5DA0,000F5DDC
3d,000902B8,12,15,000F60AC,000F60DC,000F6118
3d,000902CC,12,15,000F63E8,000F6418,000F6454
3d,000902E0,4,2,000F6724,000F6734,000F673C
3d,000902F4,4,2,000F675C,000F676C,000F6774
3d,00090308,4,2,000F6794,000F67A4,000F67AC
3d,0009031C,4,2,000F67CC,000F67DC,000F67E4
3d,00090330,4,2,000F6804,000F6814,000F681C
3d,00090344,4,2,000F683C,000F684C,000F6854
3d,00090358,4,3,000F6874,000F6884,000F6890
3d,0009036C,4,3,000F68C0,000F68D0,000F68DC
3d,00090380,4,3,000F690C,000F691C,000F6928
3d,00090394,5,3,000F6958,000F696C,000F6978
3d,000903A8,23,8,000F69B4,000F6A10,000F6A30
3d,000903BC,23,6,000F6D10,000F6D6C,000F6D84
3d,000903D0,16,11,000F6FAC,000F6FEC,000F7018
3d,000903E4,23,21,000F72D8,000F7334,000F7388
3d,000903F8,10,10,000F7B14,000F7B3C,000F7B64
3d,0009040C,10,10,000F7CF4,000F7D1C,000F7D44
3d,00090420,10,10,000F7ED4,000F7EFC,000F7F24
3d,00090434,10,10,000F80B4,000F80DC,000F8104
3d,00090448,20,10,000F8294,000F82E4,000F830C
3d,0009045C,20,10,000F862C,000F867C,000F86A4
3d,00090470,10,10,000F89C4,000F89EC,000F8A14
3d,00090484,10,10,000F8BA4,000F8BCC,000F8BF4
3d,00090498,10,10,000F8D84,000F8DAC,000F8DD4
3d,000904AC,10,10,000F8F64,000F8F8C,000F8FB4
3d,000904C0,10,10,000F9144,000F916C,000F9194
2d,000A01C0,3,1,00000400,0,00000E14
2d,000A0374,75,1,00170000,0,0017AAAE
2d,000A05A8,61,1,0001B774,0,0005B8D8
3d,000A3CF8,10,10,000A000A,000A000A,000AFFFF
3d,000A3D3C,10,10,000A000A,000A000A,000AFFFF
3d,000A5440,25,19,00130013,00130013,0013FFFF
3d,000A5AEC,23,23,00170017,00170017,0017FFFF
3d,000C9424,16,16,00100010,00100010,00100118
3d,000C9BD4,14,14,000E000E,000E000E,000E00E0
3d,000D1C64,28,46,00000005,000A000B,000E0018
2d,000D1C74,39,1,00000005,0,000E000E
2d,000D1C84,85,1,00000005,0,000F0011
3d,000F9C9C,5,6,0007000D,000E000F,00170018
2d,000FB5E4,6,1,000D000E,0,00170018
2d,000FC9C4,5,1,00070015,0,00160017
3d,000FCA00,2,5,00060007,00150016,00170018
3d,000FCA78,5,6,0007000D,000E000F,00150016
3d,000FCAB8,6,7,000D000E,000F0015,00160017
2d,000FF30C,16,1,00000008,0,00080008
2d,000FF358,8,1,00000004,0,00000120
2d,00100078,9,1,0009000B,0,0009FFFF
2d,00100360,15,1,00000D64,0,00000E08
2d,00101044,15,1,000006FC,0,000FFFF8
2d,00102F3C,9,1,0009000B,0,0009FFFF
2d,00108110,11,1,0000860C,0,00008698
2d,00108530,9,1,0000805C,0,0000806C
2d,001099D8,11,1,0000A4C4,0,0000A4F0
2d,00109F0C,11,1,0000A340,0,0000A344
3d,0010A064,9,9,0000A030,0000A0B6,0000A15C
2d,0010A60C,9,1,0009000B,0,0009FFFF
3d,0010A644,9,9,00090009,00090009,000B0009
3d,0010A674,9,9,00090009,00090009,000B0009
2d,0010AE94,9,1,0009480B,0,0009D23E
2d,0010B170,9,1,0000D838,0,00014CA6
2d,0010B1E8,2,1,00020772,0,00020776
2d,0010B1F4,2,1,00010E00,0,0001FE3C
2d,0010B200,2,1,0001FD0C,0,0001FD10
2d,0010C998,9,1,0009B1CA,0,0009B1E7
2d,0010C9A4,9,1,0009B1F0,0,0009B1FC
2d,0010C9B0,9,1,0009B285,0,0009B2C7
3d,0010CB60,9,11,0009000B,0009000B,0009F42C
2d,0010CD84,9,1,0009000B,0,00099485
2d,00110270,5,1,00008160,0,0000A588
2d,00110754,8,1,00009858,0,0000986C
2d,001121D0,9,1,0000F7FF,0,0001105C
2d,0011594C,8,1,00015B60,0,0001CB68
3d,00115B08,4,4,00040000,00010002,00040008
2d,00115B78,3,1,0000B160,0,00030000
2d,00115D90,2,1,000219F4,0,00056D64
2d,00115D9C,2,1,000219F8,0,000219FC
2d,00116308,9,1,0009000B,0,0009E701
2d,0011644C,8,1,0000BBF8,0,00015ECC
2d,00117110,8,1,0001A168,0,0001A292
2d,0011752C,15,1,0000C000,0,0000FFFF
2d,001178E0,128,1,00018EDE,0,000192F0
2d,00117C48,15,1,00019A24,0,000FECD8
2d,00117F38,15,1,00018E60,0,00018EDE
3d,00118630,11,9,000FB0FC,000FEE68,000FEF30
2d,0011866C,15,1,00016F3C,0,00016F62
2d,00118884,9,1,00018E60,0,00018E70
2d,001188B8,15,1,000197F2,0,000FEDA0
2d,0011AC04,8,1,0000FFFE,0,0001CC68
2d,0011AF68,10,1,0001CB08,0,000A01FA
2d,0011C054,10,1,0001CC50,0,0001CC5C
3d,0011CB68,2,3,00015CAC,00010004,00016126
2d,0011CB78,3,1,00017D84,0,00030003
3d,0011CB88,3,2,000172F4,00030002,0003BF34
2d,0011CBA4,8,1,000838B8,0,000838CE
2d,0011CBB8,8,1,000838B8,0,000838CE
2d,0011CBCC,8,1,000838FE,0,00083914
2d,0011CBE0,8,1,000838FE,0,00083914
2d,0011CBF4,8,1,00083932,0,00083946
2d,0011CC08,8,1,00083932,0,00083946
2d,0011CCD4,3,1,0002D716,0,00031A3E
2d,0011CF68,3,1,0002F428,0,00030FAC
2d,0011CF74,3,1,0002F67C,0,00030CF0
2d,0011CF80,3,1,0002F910,0,0002FE28
2d,0011CF90,9,1,0002CEB8,0,00074860
2d,0011CFA0,2,1,0002D9F4,0,0002DB50
2d,0011CFB0,7,1,0002B6D4,0,0005C5D0
2d,0011CFC0,2,1,0002B2B8,0,0002D3CC
2d,0011CFCC,7,1,000855B0,0,00085620
2d,0011CFDC,7,1,00067490,0,000760F8
2d,0011CFE8,6,1,0002D6F0,0,0002D72C
2d,0011CFF4,2,1,0002D934,0,0002DAE8
2d,0011D000,2,1,0002AFA0,0,0002CFFC
2d,0011D014,2,1,000254CC,0,0002DA3C
2d,0011D020,2,1,0002D0A4,0,0002D2B0
2d,0011D02C,6,1,00054B44,0,00061F38
2d,0011D038,7,1,0007AFCC,0,0007BCE4
2d,0011D044,7,1,0007C868,0,0007C8A0
2d,0011D054,8,1,00038634,0,00038F04
2d,0011D060,3,1,000364AC,0,00036640
2d,0011D06C,8,1,00036214,0,00036690
2d,0011D078,3,1,000369DC,0,00036A50
2d,0011D08C,3,1,00036788,0,00036CEC
2d,0011D098,3,1,000389B0,0,00038CD4
2d,0011D0A4,3,1,00039394,0,00039504
2d,0011D30C,3,1,00035F04,0,00037D10
2d,0011D318,3,1,000383EC,0,00038480
2d,0011D324,3,1,00038C04,0,00039468
2d,0011D334,8,1,000372EC,0,00039300
2d,0011D34C,3,1,0003767C,0,00039544
2d,0011D358,3,1,00036F90,0,00038698
2d,0011D36C,3,1,0003777C,0,00037A68
2d,0011D378,3,1,000758D8,0,00079BF4
2d,0011D38C,5,1,0005556C,0,00056C14
2d,0011D3AC,5,1,00041DAC,0,00041FDC
2d,0011D3BC,8,1,00042078,0,00044CCC
2d,0011D3CC,7,1,0007B4B0,0,0007B850
2d,0011D3D8,7,1,00047784,0,0007B790
2d,0011D3E4,7,1,000471C8,0,0007B214
2d,0011D3F4,8,1,000415D4,0,00043AFC
2d,0011D400,4,1,00043D24,0,000448F8
2d,0011D40C,4,1,00042E18,0,00055FA8
2d,0011D41C,5,1,00045558,0,000456A8
2d,0011D434,4,1,00041368,0,00047C6C
2d,0011D444,4,1,00040344,0,000404B8
2d,0011D45C,4,1,00040694,0,00040C18
2d,0011D468,4,1,00044298,0,000454D0
2d,0011D47C,4,1,0004192C,0,00046670
2d,0011D6DC,4,1,00043888,0,00043C68
2d,0011D6EC,4,1,000455D8,0,00046478
2d,0011D6FC,4,1,0004380C,0,00043B54
2d,0011D708,4,1,0004550C,0,000463FC
2d,0011D718,4,1,00043790,0,00043A40
2d,0011D728,4,1,00042AD0,0,00046AF0
2d,0011D738,4,1,00043E90,0,00043ED0
2d,0011D744,4,1,00045918,0,00045958
2d,0011D750,4,1,00046C7C,0,00046CBC
2d,0011D75C,4,1,00044020,0,00044060
2d,0011D768,4,1,00045A54,0,00045A94
2d,0011D774,4,1,00046E30,0,00046E70
2d,0011D780,4,1,000441B0,0,000441F0
2d,0011D790,4,1,00040504,0,00052984
2d,0011D7AC,5,1,00042108,0,0004340C
2d,0011D7B8,4,1,0007C6DC,0,0007CA90
2d,0011D7C4,8,1,0007CFC0,0,0007F7DC
2d,0011D7D0,7,1,000470BC,0,00084060
2d,0011D7E0,3,1,000320A0,0,00032C0C
2d,0011D7F4,3,1,00032114,0,00032B34
2d,0011D804,3,1,0003268C,0,0005B8A4
2d,0011D814,5,1,0003DED8,0,0003F370
2d,0011D820,3,1,0003E09C,0,0003EE7C
2d,0011D82C,3,1,0003C050,0,0003FA6C
2d,0011D838,7,1,00032D58,0,00033210
2d,0011D848,3,1,00033470,0,00086B28
2d,0011DAA4,9,1,00048550,0,00049B48
2d,0011DAB0,4,1,000490DC,0,00080C20
2d,0011DAC0,6,1,00048504,0,0004A4F0
2d,0011DACC,4,1,0004A25C,0,00061ED8
2d,0011DAD8,6,1,00074EE0,0,0007E314
2d,0011DAE8,7,1,0004811C,0,00049468
2d,0011DAF8,7,1,0002E5C8,0,0002E7B8
2d,0011DB04,3,1,00039658,0,0003AA4C
2d,0011DB14,7,1,00039E9C,0,0003A5C0
2d,0011DB20,3,1,00084BE8,0,0008643C
2d,0011DB2C,8,1,00021E50,0,00021F58
2d,0011DB3C,2,1,00021AB4,0,00021C9C
2d,0011DB4C,2,1,0002DDD8,0,00054D14
2d,0011DB58,6,1,000352C4,0,0004B1C0
2d,0011DB68,3,1,00035524,0,0004B008
2d,0011DB7C,3,1,00034B20,0,00035844
2d,0011DB88,3,1,0006E668,0,0006E780
2d,0011DB94,6,1,0004BFC0,0,0007494C
2d,0011DBA0,7,1,0007A910,0,0007AD0C
2d,0011DBB0,8,1,000816F0,0,0008517C
2d,0011DBC0,2,1,000235DC,0,00024E9C
2d,0011DBD4,2,1,000236D0,0,00024CA8
2d,0011DBE8,2,1,00023EC4,0,00023FB4
2d,0011DBFC,2,1,00024040,0,0004CD20
2d,0011DC08,4,1,0004C6B0,0,0004C804
2d,0011DC14,2,1,00024A98,0,00047DDC
2d,0011DE74,9,1,00059958,0,00059D6C
2d,0011DE80,5,1,00059F98,0,0005A158
2d,0011DE90,6,1,0005A2A4,0,0005A30C
2d,0011DE9C,5,1,0005A4A4,0,0005A518
2d,0011DEA8,5,1,0005A6AC,0,00076154
2d,0011DEBC,5,1,0004A684,0,00067E18
2d,0011DEC8,4,1,0005A8B8,0,0005A97C
2d,0011DED4,5,1,00059A7C,0,00081B08
2d,0011DEE4,7,1,00059DA0,0,0005AC7C
2d,0011DEF4,7,1,000599DC,0,00068914
2d,0011DF04,8,1,000576DC,0,00057750
2d,0011DF18,5,1,000577A4,0,0006231C
2d,0011DF24,5,1,00057CA0,0,00057D58
2d,0011DF34,7,1,00057E0C,0,000697A4
2d,0011DF44,6,1,00058028,0,000580E0
2d,0011DF50,5,1,000582F4,0,00058340
2d,0011DF5C,5,1,00058450,0,00058508
2d,0011DF68,5,1,000585FC,0,00058734
2d,0011DF74,5,1,00058B24,0,00058D80
2d,0011DF80,5,1,00059060,0,000590E4
2d,0011DF8C,5,1,0005B2C0,0,0005B418
2d,0011DF98,5,1,0005B4B8,0,0005B678
2d,0011DFA4,5,1,0005B58C,0,0005B710
2d,0011DFB0,6,1,00069970,0,00069A40
2d,0011DFBC,6,1,000698FC,0,00069B3C
2d,0011DFCC,6,1,00061E94,0,000688C8
2d,0011DFD8,6,1,0006AD00,0,0006EABC
2d,0011DFE4,7,1,00075578,0,00075730
2d,0011DFF0,7,1,0007908C,0,00079584
3d,0011E210,11,9,00079284,00079A50,0007A054
2d,0011E224,7,1,0007A670,0,0007B078
2d,0011E234,7,1,0007C4B4,0,0007C768
2d,0011E244,7,1,0007EAC8,0,0007ED54
2d,0011E254,8,1,00081200,0,00081B54
2d,0011E260,8,1,00083B5C,0,00083C28
2d,0011E26C,8,1,00083D8C,0,00085578
2d,0011E278,8,1,00085ADC,0,000860B0
2d,0011E284,8,1,0006B25C,0,000A0061
2d,0011E290,5,1,0004CD88,0,00074140
2d,0011E2A0,6,1,0005CD1C,0,0005E0B8
2d,0011E2AC,5,1,00056E3C,0,0006A0D0
2d,0011E2B8,5,1,00062584,0,00068DA8
2d,0011E2C4,6,1,00078DF0,0,00083620
2d,0011E2D0,8,1,0004CD78,0,00090802
2d,0011E2E4,5,1,00052DD4,0,0005466C
2d,0011E2F0,5,1,00054510,0,00069E90
2d,0011E308,5,1,00053770,0,00054604
2d,0011E314,5,1,000529E4,0,00053DDC
2d,0011E320,5,1,00031038,0,0007C668
2d,0011E338,2,1,0002F430,0,00083988
2d,0011E360,4,1,00057B6C,0,0007C770
2d,0011E55C,11,1,0000B5FA,0,0002FD56
2d,0011E5A0,2,1,0007AF04,0,0007AF4C
2d,0011E5AC,5,1,00057A4C,0,000A0061
2d,0011E5D0,2,1,000256F4,0,0003C058
2d,0011E5DC,9,1,00025A48,0,0006EC3C
2d,0011E5F4,3,1,00032D6E,0,00086D2C
2d,0011E604,4,1,0002E7C0,0,00039AE4
2d,0011E610,3,1,0005A8C6,0,0005B470
2d,0011E61C,5,1,0005B680,0,0006BEF0
2d,0011E62C,7,1,0006DB80,0,00090684
2d,0011E8A0,2,1,0002B410,0,00081F1C
2d,0011E8B4,3,1,00035EB8,0,00036CF0
2d,0011E8C4,3,1,00036864,0,00036D54
2d,0011E8D0,7,1,0003644C,0,000364BC
2d,0011E8E0,8,1,0003621C,0,00038F08
2d,0011E8EC,3,1,00038908,0,00038DA4
2d,0011E8FC,3,1,00035F0E,0,00037BC8
2d,0011E908,3,1,00037F28,0,00038534
2d,0011E914,3,1,000383FC,0,00038484
2d,0011E924,7,1,000449B4,0,00046F18
2d,0011E930,4,1,00043684,0,00043760
2d,0011E940,5,1,00042E70,0,00043730
2d,0011E950,4,1,00041BE8,0,00041CDC
2d,0011E95C,4,1,00041C88,0,00082020
2d,0011E968,4,1,000420E0,0,00042EC2
2d,0011E978,4,1,00040664,0,0008406A
2d,0011E988,4,1,0004623C,0,00046F48
2d,0011E994,4,1,00046250,0,000463C4
2d,0011E9A0,7,1,00044A40,0,000451DC
2d,0011E9AC,4,1,00044AB4,0,00044AE8
2d,0011E9B8,4,1,000529B8,0,0007CA9A
2d,0011E9C4,4,1,00041BB4,0,00043A0C
2d,0011E9D0,4,1,000437D8,0,000461D8
2d,0011E9E4,4,1,00046444,0,0007BA44
2d,0011E9F4,7,1,0005BDE4,0,0006AC24
2d,0011EA04,7,1,0004A0A0,0,0004A178
2d,0011EA10,4,1,00048508,0,0004A5D4
2d,0011EA88,4,1,0004A286,0,00061EE0
2d,0011EA98,8,1,00062328,0,0006AD08
2d,0011EAA4,8,1,00074BAC,0,00083C30
2d,0011EAB4,8,1,0005E984,0,000615F4
2d,0011ED20,2,1,00074860,0,00084178
2d,0011ED30,2,1,00025828,0,00025886
2d,0011ED40,2,1,0002BF12,0,0002C028
2d,0011ED50,2,1,0002529C,0,0002DAE8
2d,0011ED5C,2,1,0002D93C,0,0002DB66
2d,0011ED6C,2,1,0002C872,0,0002C924
2d,0011ED78,2,1,0002C99E,0,0006DB50
2d,0011ED84,5,1,00061F92,0,0007A8BC
2d,0011ED90,8,1,0006ED2C,0,000855B8
2d,0011ED9C,8,1,0002C9F0,0,0007CC40
2d,0011EDA8,7,1,0007CBF8,0,0007CC8C
2d,0011EDB4,7,1,0007CE30,0,0007CF20
2d,0011EDC8,8,1,0007CFDE,0,00080A38
2d,0011EDD4,7,1,0007D974,0,0007F8FC
2d,0011EDE8,5,1,00055FFC,0,00056A48
2d,0011EDF4,5,1,000551DA,0,000565C8
2d,0011EE00,5,1,000553CE,0,00056714
2d,0011EE10,5,1,00055B02,0,00055CA8
2d,0011EE1C,5,1,00055586,0,00056CBC
2d,0011EE28,5,1,00041ED2,0,0007B6E6
2d,0011EE38,4,1,000431B8,0,000840DC
2d,0011EE48,3,1,000320B0,0,0003281E
2d,0011EE58,5,1,0003FA7A,0,0006DB14
2d,0011EE64,4,1,00048534,0,00080DC8
2d,0011EE70,4,1,00048744,0,00080D98
2d,0011EE80,4,1,000490F0,0,0007E33C
2d,0011F0C0,7,1,00049478,0,00049BB0
2d,0011F0CC,6,1,0002EB9C,0,0002EC98
2d,0011F0D8,2,1,0002E5E4,0,0003BECC
2d,0011F0E8,3,1,0003AA74,0,0003B0C4
2d,0011F0FC,7,1,00039EB4,0,0003BA9C
2d,0011F10C,8,1,0008474C,0,00084B94
2d,0011F124,2,1,00021E5C,0,00021F94
2d,0011F13C,2,1,00021ABC,0,00021CA8
2d,0011F148,2,1,00054D2E,0,00068A36
2d,0011F15C,4,1,0002F680,0,0003061C
2d,0011F168,2,1,0002F764,0,00078E94
2d,0011F178,7,1,0007C5FC,0,00083D50
2d,0011F188,5,1,0005A31C,0,0005A6B4
2d,0011F198,8,1,000576E4,0,00058190
2d,0011F1A8,5,1,000577C0,0,0005B2D8
2d,0011F1B8,5,1,0004A648,0,000579A8
2d,0011F1C8,6,1,00067E20,0,000688D0
2d,0011F1D4,6,1,000754B8,0,0007615C
2d,0011F1E0,6,1,0007A08C,0,0007A364
2d,0011F1EC,7,1,0007C510,0,0007EAD0
2d,0011F1F8,7,1,0005812A,0,00086080
2d,0011F20C,8,1,0006B674,0,000A0061
2d,0011F398,7,1,00068DE0,0,00069328
2d,0011F3A4,5,1,0005EAB8,0,0005EB48
2d,0011F3B0,6,1,00082C96,0,00090684
2d,0011F3C0,2,1,0002AFBC,0,0002B864
2d,0011F3CC,6,1,00040304,0,0007B1E0
2d,0011F3DC,8,1,000402D0,0,0007B164
2d,0011F3F0,3,1,000334A0,0,000751B0
2d,0011F408,4,1,0002F930,0,00067A1C
2d,0011F418,5,1,0004A6F0,0,0004AA14
2d,0011F42C,5,1,00058268,0,000582FC
2d,0011F438,5,1,0005854C,0,00058E92
2d,0011F444,5,1,0005763E,0,000587A0
2d,0011F450,7,1,00074FEC,0,00075584
2d,0011F45C,7,1,0007B0AC,0,000839FE
2d,0011F63C,2,1,00025244,0,0007C8A8
2d,0011F648,6,1,000674E6,0,00076100
2d,0011F654,7,1,0007C838,0,0007C870
2d,0011F660,4,1,000440A0,0,00044230
2d,0011F66C,4,1,00046CFC,0,00046EB0
2d,0011F67C,3,1,00033EE2,0,0003BFD8
2d,0011F688,3,1,00034AB4,0,0007AEE0
2d,0011F698,7,1,0007AD16,0,000851B2
2d,0011F6AC,6,1,0005A744,0,0007E9E4
2d,0011F6B8,7,1,00058510,0,000868C0
2d,0011F6C4,6,1,000697AC,0,0007EC40
2d,0011F6D8,8,1,00081208,0,00085580
2d,0011F6E4,8,1,0006DBA2,0,00084044
2d,0011F6FC,5,1,00052DE6,0,0005467C
2d,0011F708,5,1,00053C66,0,0005452E
2d,0011F71C,6,1,000539D8,0,0005479A
2d,0011F728,5,1,00054284,0,00054390
2d,0011F738,5,1,00052FCC,0,00054058
2d,0011F744,5,1,00052A2C,0,00054128
2d,0011F994,2,1,0002C392,0,0002C3CA
2d,0011F9A0,2,1,0002CADE,0,0002CB18
2d,0011F9B0,7,1,00025E80,0,0006ED6A
2d,0011F9C4,3,1,000369EA,0,00036CC4
2d,0011F9D0,3,1,00035C70,0,00036910
2d,0011F9E0,3,1,00036BDC,0,000389B8
2d,0011F9F0,3,1,000366A8,0,000367B2
2d,0011F9FC,5,1,0005516C,0,0005699C
2d,0011FA0C,5,1,000552C4,0,000566B0
2d,0011FA1C,5,1,000554B8,0,000567FC
2d,0011FA28,4,1,00032B3C,0,000345B0
2d,0011FA34,3,1,000340C0,0,000396A2
2d,0011FA48,2,1,0002DFBE,0,00068C88
2d,0011FA54,8,1,0002371C,0,00024ECC
2d,0011FA64,3,1,00030D0E,0,00078FBE
2d,0011FA78,5,1,0005A174,0,0005ACAA
2d,0011FA84,5,1,00059DC8,0,00068788
2d,0011FA90,5,1,00059D6C,0,00068542
2d,0011FA9C,6,1,00067DF0,0,0006891C
2d,0011FAB4,5,1,00058034,0,000590EC
2d,0011FAC8,5,1,00057758,0,000598F8
2d,0011FAD4,5,1,000699D0,0,00069A0C
2d,0011FAE0,6,1,0006993C,0,00069978
2d,0011FAEC,7,1,00069A88,0,0006EAC4
2d,0011FB04,5,1,00052EE8,0,00054938
2d,0011FD14,6,1,0003DF6A,0,0003FB3E
2d,0011FD20,4,1,0006E544,0,00086628
2d,0011FD2C,3,1,0003525C,0,0006E5B8
2d,0011FD38,3,1,0004B056,0,0006E6B8
2d,0011FD48,5,1,0003503C,0,000351E4
2d,0011FD5C,3,1,00034B30,0,00035B38
2d,0011FD70,2,1,0002319E,0,000810D6
2d,0011FD7C,2,1,000244D2,0,0002464E
2d,0011FD8C,7,1,00067174,0,0008362C
2d,0011FD98,2,1,00023632,0,0002D2C0
2d,0011FDA4,7,1,0002B6D4,0,0007BD46
2d,0011FDB8,3,1,0003C0FC,0,0007A7F8
2d,0011FDCC,2,1,000230A8,0,00023ED4
2d,0011FDE0,2,1,0002407E,0,0004CBCC
2d,0011FDEC,4,1,000242A4,0,00024ACA
2d,0011FDF8,6,1,00067BCA,0,00067C9C
2d,0011FE04,5,1,00057E14,0,0006C658
2d,0011FE10,7,1,0007B080,0,0007C4BC
2d,0011FE1C,6,1,0006A44E,0,00078E00
2d,0011FE30,2,1,0008721C,0,0008727C
2d,00120090,2,1,0002B67C,0,0002B6BA
2d,001200A4,2,1,0002B3BC,0,00081C68
2d,001200B0,2,1,0002D22C,0,0007CA34
2d,001200BC,7,1,00038672,0,00038F9E
2d,001200CC,3,1,00036A30,0,00036A6C
2d,001200D8,3,1,00036D30,0,00036D68
2d,001200E8,3,1,00035CB2,0,000390A0
2d,001200F4,3,1,00037DCC,0,00037EBE
2d,00120104,3,1,00037CCA,0,00038494
2d,00120114,8,1,000375E2,0,00039364
2d,00120124,3,1,000361C2,0,000379FA
2d,00120130,3,1,000376B6,0,000395FC
2d,0012013C,3,1,00037046,0,0003877E
2d,00120150,3,1,00037834,0,00038C38
2d,00120164,3,1,00035E1A,0,000372A6
2d,00120170,3,1,00037AC4,0,00037B8E
2d,00120180,5,1,00044A18,0,00055350
2d,00120194,5,1,00041EBC,0,0004203C
2d,001201A0,4,1,00040484,0,00047048
2d,001201AC,4,1,000470A4,0,0005688A
2d,001201B8,5,1,00047018,0,00081A12
2d,001201C8,4,1,00044C3C,0,00047B0A
2d,001201D8,7,1,000474BA,0,00084272
2d,001201E4,7,1,00040254,0,00041614
2d,001201F0,4,1,00043C48,0,00043D5C
2d,001201FC,4,1,00041B8C,0,00042E50
2d,00120454,9,1,000456FE,0,00045856
2d,00120468,4,1,00041596,0,00047D18
2d,00120478,4,1,000403BA,0,000404E6
2d,0012048C,4,1,00040A56,0,00045100
2d,001204A8,4,1,0004444C,0,000454F4
2d,001204C8,4,1,000419D6,0,00046694
2d,001204D8,4,1,00046518,0,00046976
2d,001204E8,4,1,000438AC,0,00043CE2
2d,001204F8,4,1,00045636,0,0004649C
2d,00120508,4,1,00043830,0,00043BCE
2d,00120514,4,1,0004553E,0,00046420
2d,00120524,4,1,000437B4,0,00043ABA
2d,00120534,4,1,00042C70,0,00046B14
2d,00120544,4,1,00043EB4,0,00043F3C
2d,00120550,4,1,0004593C,0,00045998
2d,0012055C,4,1,00046CA0,0,00046D28
2d,00120570,4,1,00043FE4,0,00045A78
2d,0012057C,4,1,00045A22,0,00046E54
2d,0012058C,4,1,000441D4,0,0004425C
2d,00120598,4,1,000405FC,0,0007D906
2d,001205C0,3,1,0003241C,0,0003E05A
2d,001205D0,3,1,0003DB96,0,0003EE0A
2d,001206B4,3,1,00033F38,0,0003414E
2d,001206C0,3,1,00086BEA,0,00086FD0
2d,001206D0,3,1,0002F6F4,0,0005A0F8
2d,001206E0,8,1,0000BEF6,0,00016212
3d,00120774,9,11,0009000B,0009000B,000901B0
2d,00120794,5,1,000162CC,0,0003DC5C
2d,001209E8,9,1,000257EC,0,0002BE34
2d,001209F4,7,1,0002C550,0,0002C7EA
2d,00120A08,2,1,00025604,0,0002B3D0
2d,00120A18,8,1,00025650,0,00035CD4
2d,00120A24,3,1,00037D70,0,00037E14
2d,00120A34,8,1,00037330,0,000391EC
2d,00120A40,3,1,0003794E,0,00038E64
2d,00120A4C,3,1,00037680,0,00039548
2d,00120A58,3,1,00036F9E,0,000386A8
2d,00120A74,3,1,00037128,0,00037A76
2d,00120A80,3,1,000449E4,0,00055332
2d,00120A98,4,1,000403EC,0,00040470
2d,00120AA4,4,1,00047060,0,0004708C
2d,00120AB4,8,1,00042082,0,00081F4C
2d,00120AC0,4,1,00044B18,0,0007BC82
2d,00120AD4,7,1,000471EA,0,000841E8
2d,00120AE0,4,1,00043B04,0,00043C18
2d,00120AF0,4,1,00041B5C,0,00042E20
2d,00120AFC,4,1,000456B0,0,00045808
2d,00120B10,4,1,0004151C,0,00047C78
2d,00120B20,4,1,0004034C,0,000404C8
2d,00120B34,8,1,00047528,0,0007B230
2d,00120B40,4,1,000406E0,0,0007D814
2d,00120B4C,7,1,00056860,0,000678F0
2d,00120DA4,4,1,00045204,0,00056B94
2d,00120DB0,4,1,000464FC,0,00067988
2d,00120DC0,4,1,00045730,0,000468F8
2d,00120DCC,4,1,000455E0,0,00046480
2d,00120DD8,4,1,00045514,0,00046404
2d,00120DF0,4,1,000442AC,0,0005642A
2d,00120E00,4,1,00041936,0,0005537A
2d,00120E0C,4,1,00043890,0,000679CC
2d,00120E18,4,1,00043814,0,00043B5E
2d,00120E28,4,1,0004052A,0,00042D9C
2d,00120E3C,4,1,00032BAC,0,00032BE0
2d,00120E4C,3,1,00032120,0,0006A258
2d,00120E5C,3,1,0003E14A,0,0005B820
2d,00120E68,5,1,0003DEE0,0,0003EE9E
2d,00120E78,7,1,0003CB44,0,0005BFDC
2d,00120E8C,5,1,00057E60,0,0005A7DC
2d,00120E9C,8,1,000257EC,0,0002BE34
2d,00120EA8,7,1,0002C5B4,0,0002C7EA
2d,00120EBC,3,1,0003C6EC,0,0003ED78
2d,00120ED4,5,1,0005B288,0,0005B4F4
2d,00120EE4,5,1,00059140,0,0005975C
2d,001210F0,2,1,0002BE34,0,0007C958
2d,001210FC,2,1,0003FF0A,0,000405BA
2d,00121108,7,1,00034198,0,0004C236
2d,00121114,5,1,0002B5F8,0,00035CD4
2d,00121124,5,1,00046AF8,0,00046B44
2d,00121130,4,1,00045920,0,00045964
2d,0012113C,4,1,00046C84,0,00046CD0
2d,00121150,4,1,000459C4,0,00046E38
2d,00121160,4,1,00043E98,0,00043EE4
2d,0012116C,4,1,00044028,0,00044074
2d,00121178,4,1,000441B8,0,00044204
2d,00121184,4,1,00040572,0,0007C1D8
2d,001211AC,5,1,00058348,0,00058434
2d,001211B8,5,1,000580C4,0,000591D8
2d,0012121C,2,1,0002BE34,0,0007C958
2d,0012122C,2,1,0002B694,0,00035CD4
2d,00121240,5,1,00057E60,0,0005A7DC
2d,00121498,3,1,0003EF70,0,0005B820
2d,001214A4,5,1,0003DEE0,0,0003EE9E
2d,001214B8,3,1,0003C6EC,0,0003ED78
2d,001214C4,5,1,000257EC,0,0002BE34
2d,001214D0,7,1,0002C5B4,0,0002C7EA
2d,001214E4,2,1,000255CC,0,00025604
2d,001214F0,2,1,0002B3A4,0,00081C50
2d,00121504,3,1,00037D70,0,00037E14
2d,00121514,8,1,00037330,0,000391EC
2d,00121520,3,1,0003794E,0,00038E64
2d,0012152C,3,1,00037680,0,00039548
2d,00121538,3,1,00036F9E,0,000386A8
2d,00121554,3,1,00037128,0,00037A76
2d,00121560,3,1,000449E4,0,00055332
2d,00121578,4,1,000403EC,0,00040470
2d,00121584,4,1,00047060,0,0004708C
2d,00121594,8,1,00042082,0,00081F4C
2d,001215A0,4,1,00044B18,0,000841E8
2d,001215AC,4,1,000406E0,0,0007D814
2d,001215B8,7,1,00056860,0,000678F0
2d,001215D0,4,1,00045B04,0,00056D10
2d,001215E0,4,1,00045204,0,00056B94
2d,001215EC,4,1,000464FC,0,00067988
2d,001215FC,4,1,00045730,0,000468F8
2d,00121608,4,1,000455E0,0,00046480
2d,00121788,4,1,00046404,0,000466B4
2d,0012179C,4,1,000442AC,0,0005642A
2d,001217AC,4,1,00041936,0,0005537A
2d,001217B8,4,1,00043890,0,000679CC
2d,001217C4,4,1,00043814,0,00043B5E
2d,001217D4,4,1,0004052A,0,00042D9C
2d,001217E4,4,1,00041FE6,0,0007BF18
2d,001217F0,3,1,00032BE0,0,00032C14
2d,001217FC,3,1,00032120,0,0006A258
2d,0012180C,4,1,0003AEC4,0,0004C236
2d,0012181C,5,1,0005B288,0,0005B59C
2d,00121834,5,1,00059140,0,0005975C
2d,00121840,5,1,00059644,0,00083D9C
2d,0012184C,2,1,0002BE34,0,0007C958
3d,001219FC,11,9,000257EC,0002BE34,0007C958
2d,00121A0C,2,1,00035CD4,0,00056BDC
2d,00121A18,5,1,00046AF8,0,00046B44
2d,00121A24,4,1,00045920,0,00045964
2d,00121A30,4,1,00046C84,0,00046CD0
2d,00121A44,4,1,000459C4,0,00046E38
2d,00121A54,4,1,00043E98,0,00043EE4
2d,00121A60,4,1,00044028,0,00044074
2d,00121A6C,4,1,000441B8,0,00044204
2d,00121A78,4,1,00040572,0,0007C1D8
2d,00121A84,4,1,00047DE6,0,0005B59C
2d,00121A9C,5,1,00058348,0,00058434
2d,00121AA8,5,1,000580C4,0,000591D8
2d,00121C7C,10,1,0004AB20,0,000A0930
2d,00121E10,8,1,0008BF00,0,0008BF28
2d,00121E1C,8,1,000A094C,0,000A0950
2d,00121E28,10,1,000A0958,0,000A095C
2d,00121E34,10,1,000A0964,0,000A0968
2d,00121F2C,2,1,0002D6DA,0,0002DB3A
2d,001224E0,10,1,000A0508,0,000A20BC
2d,0012283C,10,1,00008490,0,000A09A0
2d,00122850,8,1,0008BBF0,0,0008BF64
2d,00122F00,10,1,000A003C,0,000A0994
2d,0012313C,10,1,00008574,0,00024F8C
2d,00124194,10,1,000A17C4,0,000A17E0
2d,0012427C,10,1,00024F6C,0,000872F0
2d,001243A8,10,1,00008480,0,000A17F8
2d,001247D4,10,1,000872E0,0,000872E4
2d,00125214,10,1,000A1394,0,000A13A8
2d,0012546C,8,1,00089278,0,0008927C
2d,001254AC,10,1,000A066C,0,000A0670
2d,001255A4,10,1,000A0684,0,000A0688
2d,001255B4,10,1,000A0674,0,000A067C
2d,001257E0,2,1,00009858,0,0000986C
2d,00125A9C,2,1,00028F92,0,000290F0
2d,00125BF8,2,1,0002907C,0,00087308
2d,00125D24,7,1,0004027C,0,00067390
2d,00125E5C,8,1,00029D42,0,0002A608
2d,0012A1C4,3,1,0003EB46,0,0007AFEA
2d,0012B17C,10,1,000A0E4C,0,000A0E58
2d,0012B18C,10,1,000A0E5C,0,000A0E68
2d,0012B19C,10,1,000A0E6C,0,000A0E78
2d,0012B5A4,10,1,000A104C,0,000A1050
2d,0012B5B8,10,1,000A1024,0,000A1030
2d,0012B5CC,10,1,00008490,0,00027818
2d,0012BAF0,9,1,0000FFFF,0,0002CDF4
2d,0012BC68,9,1,0009B070,0,0009B14E
2d,0012BC74,9,1,0009B225,0,0009B2C7
2d,0012BC80,9,1,0009B364,0,0009B382
2d,0012BC8C,9,1,0009B435,0,0009B45B
2d,0012BC98,9,1,0009B5E8,0,0009B63F
2d,0012BCA4,9,1,0009B678,0,0009B69F
2d,0012BF8C,11,1,000A184C,0,000FE440
2d,0012BFDC,15,1,0002CDBA,0,0004AB3E
2d,0012C1AC,10,1,0002CEA8,0,000FE440
2d,0012C1BC,2,1,000892B0,0,000F946C
3d,0012C418,11,9,000A1894,000A1898,000A189C
2d,0012C448,8,1,0002CBE4,0,000A186C
2d,0012C4E8,10,1,0002CEA8,0,000A1854
2d,0012C624,10,1,0002CEA8,0,000A1844
2d,0012C774,2,1,0000FFFF,0,000FE440
2d,0012C780,2,1,000892C4,0,000F9494
2d,0012C8E4,2,1,0000FFFF,0,000FE440
2d,0012C8F0,2,1,000892C4,0,000F94A8
2d,0012CA34,15,1,0002CC2A,0,000A18CC
2d,0012CA4C,15,1,000A18B4,0,000A18B8
2d,0012CA5C,10,1,0002CEA8,0,000A1860
2d,0012CB90,8,1,000A188C,0,000FE440
2d,0012D270,2,1,000258AC,0,0002D3A2
2d,0012D37C,10,1,000A19C4,0,000A19C8
2d,0012D674,10,1,00008574,0,000A1B80
2d,0012D8CC,8,1,00008070,0,0008C7E0
2d,0012DC80,10,1,00008470,0,000A2368
2d,0012E1BC,10,1,0000FFFF,0,000A0EB0
2d,0012E448,10,1,0000855C,0,000A03A8
2d,0012E9D0,10,1,00089464,0,00089466
2d,0012E9DC,8,1,0008946C,0,0008946E
2d,0012E9E8,8,1,00089478,0,0008947A
2d,0012EA14,10,1,000A0B38,0,000A0B3C
2d,0012EA20,10,1,000A0B44,0,000A0B48
2d,0012EB54,10,1,000A0132,0,000A0133
2d,0012EB7C,10,1,00008470,0,000A0B30
2d,0012EC5C,8,1,00089464,0,00089468
2d,0012EC68,8,1,0008946A,0,0008946E
2d,0012EC74,8,1,00089472,0,00089474
2d,0012EC80,8,1,00089478,0,0008947A
2d,0012EC8C,8,1,0008947E,0,00089486
2d,0012ED78,8,1,00008070,0,0008CAA4
2d,0012EFC8,8,1,00089466,0,0008946A
2d,0012EFD4,8,1,0008946E,0,00089470
2d,0012EFE0,8,1,00089474,0,00089476
2d,0012EFEC,8,1,0008947A,0,0008947C
2d,0012F10C,10,1,000A0FD8,0,000A0FDC
2d,0012F134,10,1,000A0FE4,0,000A0FE8
2d,0012F628,6,1,000314B4,0,000FE378
2d,0012F634,3,1,0001861A,0,0002FEA2
2d,0012F640,4,1,00058AD8,0,00068872
2d,0012F650,5,1,000237B0,0,00079052
2d,0012F65C,4,1,000624A8,0,0008167A
2d,0012F66C,7,1,00031544,0,00085FA6
2d,0012FE18,6,1,0006ED86,0,0006ED96
2d,0012FF8C,15,1,0006ED96,0,0006EDBA
2d,00130494,3,1,000247F8,0,000FE440
2d,0013069C,3,1,00017FB4,0,0002F5B4
2d,001307D0,15,1,00087E64,0,00088EC4
2d,00130964,15,1,0000855C,0,000FE9B8
2d,00130974,4,1,0000FFFF,0,000FE5D0
2d,00130DE8,2,1,0000855C,0,000A115C
2d,0013134C,15,1,00008574,0,000FE440
2d,00131360,7,1,00076720,0,00076742
2d,0013136C,7,1,0007679C,0,000767C8
2d,00131378,7,1,0007682E,0,00076874
2d,00131384,7,1,00076A12,0,00076A72
2d,00131390,7,1,00076C18,0,00077632
2d,001313A4,7,1,00077BF0,0,0007812A
2d,001313B0,7,1,00077676,0,0007866C
2d,001313C8,7,1,00077B68,0,000782B4
2d,00131CF8,3,1,00030224,0,00030C44
2d,00131D08,2,1,000237A4,0,000A0061
2d,00131D14,5,1,0006AB98,0,00073990
2d,00131D20,4,1,0004E306,0,00075CCE
2d,00131D30,7,1,000573BE,0,00079046
2d,00131D40,7,1,0002B56A,0,0007C68A
2d,00131D50,5,1,00057F9E,0,000595B4
2d,00131D64,6,1,00057C32,0,000698E4
2d,00131D70,5,1,0007A09E,0,0007A410
2d,00132070,10,1,0002F1AE,0,000FF188
2d,00132314,10,1,0008E8A8,0,000A13C4
2d,00132320,8,1,000A13C8,0,000A13CC
2d,0013232C,8,1,000A13D0,0,000A13D4
2d,00132340,10,1,0008E918,0,000A13DC
2d,0013234C,8,1,000A13E0,0,000A13E4
2d,00132358,8,1,000A13E8,0,000A13EC
2d,0013236C,8,1,0008D618,0,0008D634
2d,00132660,10,1,0008D688,0,000A13C4
2d,0013266C,8,1,000A13C8,0,000A13CC
2d,00132678,8,1,000A13D0,0,000A13D4
2d,001328A8,10,1,000A1430,0,000A1434
2d,001328E8,10,1,000A010A,0,000A1424
2d,00132AC4,10,1,000A14AC,0,000A14B0
2d,00132AE8,10,1,00008470,0,000A0201
2d,00132AF4,10,1,00008480,0,000B0009
2d,00132F30,10,1,000A0139,0,000A0BE8
2d,00132F3C,10,1,000A013A,0,000A013B
2d,00132F48,10,1,000A013D,0,000A0BE0
2d,00132F54,10,1,000A013F,0,000A0140
2d,00132F64,10,1,000A0142,0,000A0143
2d,0013315C,11,1,000A0146,0,000A0147
2d,00133184,10,1,000A0BA0,0,000A0BA8
2d,00133190,10,1,000A0BAC,0,000A0BB4
2d,0013319C,10,1,000A0B74,0,000A0B84
2d,001331CC,8,1,0008C9A8,0,0008C9B4
2d,00133420,8,1,00008070,0,0008D0B8
2d,0013344C,10,1,00008444,0,000A0BBC
2d,00133458,10,1,000A0BB8,0,000A0BCC
2d,00133694,2,1,0002D6DA,0,000A021E
2d,00133720,10,1,000A1688,0,000A1690
2d,00133738,10,1,00008490,0,000A01C4
2d,0013389C,10,1,00008444,0,000A16A4
2d,001338BC,8,1,0008F17C,0,0008F198
2d,001339D0,8,1,0008F0F0,0,0008F10C
2d,00133B3C,8,1,0008D864,0,0008F160
2d,00133DE0,10,1,000A01C3,0,000A0FA4
2d,00133F0C,10,1,000A0FB0,0,000A0FC0
2d,00133F18,10,1,000A03DA,0,000A03DC
2d,00134168,10,1,000A1108,0,000A110C
2d,00134174,10,1,000A1110,0,000A1118
2d,001341D0,3,1,00032CDC,0,00034604
2d,001341DC,3,1,00086B30,0,00086C2E
2d,00134570,10,1,000080E4,0,0008F1EC
2d,00134778,10,1,000A21C4,0,000A21E0
2d,001349A4,10,1,000A01C5,0,000A0FB8
2d,001349B4,10,1,000A21C8,0,000A21E8
2d,001349C4,10,1,000A21B0,0,000A21F4
2d,001349D0,10,1,000A21D4,0,000A21F0
2d,001349DC,10,1,000A21B8,0,000A21BC
2d,001349E8,10,1,000A21D8,0,000A21DC
2d,001349FC,10,1,000A21D0,0,000A21FC
2d,00134D40,10,1,000A0390,0,000A0392
2d,00134F04,10,1,000A016F,0,000A0398
2d,00134F1C,10,1,000A016B,0,000A038A
2d,001351C8,6,1,00090358,0,0009036C
2d,00135460,10,1,0000805C,0,0000806C
2d,00135CC4,10,1,00008410,0,000A12E0
2d,001360D4,8,1,00008070,0,0008BF78
2d,001361F8,8,1,0008E560,0,0008E598
2d,00136208,8,1,0008E5D0,0,0008E608
2d,00136628,10,1,000A01E9,0,000A1200
2d,00136770,10,1,000A1274,0,000A1278
2d,00136858,10,1,00008480,0,000A12A0
2d,00136900,10,1,00008480,0,000A12C8
2d,00136CA4,10,1,000A1284,0,000A1288
2d,00136CE4,8,1,00008070,0,000B0009
2d,00136D74,8,1,00008070,0,000B0009
2d,00136F6C,10,1,0000855C,0,000A0472
2d,00137090,8,1,000080E4,0,000B0009
2d,00137114,10,1,00008470,0,00008480
2d,00137200,10,1,0008CDF9,0,0008CE05
2d,001374D0,8,1,0008FC6C,0,0008FC88
2d,001374DC,8,1,0008FCC0,0,0008FCDC
2d,001374E8,8,1,0008FD14,0,0008FD30
2d,001374F4,8,1,0008FD68,0,0008FD84
2d,00137500,8,1,0008FDBC,0,0008FDD8
2d,0013776C,10,1,00083ECE,0,0008F518
2d,0013787C,10,1,00008470,0,000A1AB8
2d,00137890,8,1,000080E4,0,000B0009
2d,00137AF4,10,1,00008470,0,0008F518
2d,00137CF0,3,1,00008470,0,000A1B08
2d,00138180,10,1,00008470,0,0008CE4C
2d,00138194,10,1,00008490,0,000A1B24
2d,0013838C,8,1,0008FE64,0,0008FE80
2d,00138398,8,1,0008FEB8,0,0008FED4
2d,00138474,8,1,000080E4,0,0008F518
2d,00138608,10,1,000080E4,0,0008FF44
2d,0013868C,8,1,000080E4,0,0008F518
2d,001387C4,10,1,00008470,0,00008480
2d,001388F4,10,1,00008470,0,00008480
2d,0013897C,10,1,00008490,0,000B0009
2d,001389E8,10,1,000A12AC,0,000B0009
2d,00138BB8,2,1,0002D6DA,0,00038C62
2d,00138BC4,4,1,000A1D64,0,000A1D68
2d,00138C40,8,1,00008070,0,000A1D6C
2d,00138FCC,10,1,000A2194,0,000A2198
2d,00139060,2,1,0002D6DA,0,000B0009
2d,001392DC,3,1,000A2224,0,000A2228
2d,001392EC,4,1,000A222C,0,000A2230
2d,0013953C,10,1,000A12C4,0,000B0009
2d,00139648,10,1,00008480,0,000A0256
2d,00139890,10,1,000A2070,0,000A2094
2d,001398A0,10,1,000A2078,0,000A209C
2d,001398B0,10,1,000A2080,0,000A20A4
2d,00139CD4,8,1,00008070,0,0008C9E4
2d,00139CE8,8,1,00089466,0,0008946A
2d,00139CF4,8,1,0008946E,0,00089470
2d,00139D00,8,1,00089476,0,0008947A
2d,00139D0C,8,1,0008947E,0,00089482
2d,00139E4C,11,1,000A0BF4,0,000A0BF8
2d,00139E58,10,1,000A0C00,0,000A0C04
2d,00139E6C,10,1,000A0C0C,0,000A0C10
2d,00139E80,10,1,0000855C,0,000A0BF0
2d,00139E8C,10,1,00008490,0,0000D9F8
2d,0013A144,10,1,0000855C,0,000A0488
2d,0013A3B8,10,1,000A1BC0,0,000A1BD0
2d,0013A3C4,10,1,000A1BD8,0,000A1BDC
2d,0013A804,10,1,000080E4,0,0008FFEC
2d,0013AC98,10,1,000A0262,0,000A0263
2d,0013ACA8,10,1,000A1C04,0,000A1C18
2d,0013B1CC,10,1,000A1C24,0,000A1C30
2d,0013B37C,10,1,000A1C64,0,000A1C70
2d,0013B3E0,10,1,0008945C,0,0008945D
2d,0013B578,8,1,0008945F,0,000A1C50
2d,0013B58C,10,1,00089460,0,000A1C48
2d,0013B598,10,1,000A1C58,0,000A1C5C
2d,0013B5B0,10,1,00089464,0,00089466
2d,0013B5C8,8,1,0008946C,0,0008946E
2d,0013B5D4,10,1,00089470,0,000A049A
2d,0013B5E8,8,1,0008947A,0,000A0266
2d,0013B64C,10,1,00089486,0,0008948A
2d,0013B7D8,10,1,0000855C,0,000A04A2
2d,0013BBE0,10,1,000A1BCC,0,000A1C84
2d,0013BD84,8,1,00089466,0,0008946A
2d,0013BD90,8,1,0008946E,0,00089470
2d,0013BD9C,8,1,00089476,0,0008947A
2d,0013BDA8,8,1,0008947E,0,00089484
2d,0013BE88,10,1,000A1C90,0,000A1C94
2d,0013BE9C,9,1,000900CC,0,000A1CA0
2d,0013BF60,9,1,000237B0,0,00031BE8
2d,0013C598,8,1,000080E4,0,000F96C4
2d,0013C5A8,10,1,000F9357,0,000F9780
2d,0013C9D0,8,1,00008070,0,000A0E40
2d,0013C9EC,8,1,0008E300,0,0008E31C
2d,0013C9F8,8,1,0008E354,0,0008E370
2d,0013CA04,8,1,0008E3A8,0,0008E3C4
2d,0013CA10,8,1,0008C154,0,0008C168
2d,0013CA1C,8,1,0008C190,0,0008C1A4
2d,0013CA2C,8,1,0008E2AC,0,0008E418
2d,0013CF64,5,1,0003EF96,0,000A01BA
2d,0013D1F4,10,1,000F933C,0,000F9630
2d,0013D200,3,1,000F934E,0,000F9678
2d,0013D3FC,3,1,0003E90E,0,0003F13C
2d,0013D414,10,1,00008490,0,000F9333
2d,0013D52C,10,1,000F932A,0,000F95E8
2d,0013D544,8,1,00008490,0,00010A44
2d,0013D69C,10,1,0003C85E,0,000A0F84
2d,0013D914,3,1,0003C852,0,0003C85E
2d,0013D930,8,1,000F933C,0,000F9630
2d,0013D93C,3,1,000F934E,0,000F9678
2d,0013D950,3,1,0003E90E,0,0003F13C
2d,0013D968,10,1,00008490,0,000F9333
2d,0013D974,15,1,0003C982,0,000F932A
2d,0013DB08,10,1,0003C85E,0,000A0F88
2d,0013DDAC,5,1,0003F03E,0,000474A8
2d,0013E090,6,1,00009858,0,0000986C
2d,0013E334,8,1,0003DD46,0,0003DD66
2d,0013E808,10,1,000A01BB,0,000F955C
2d,0013EAD0,10,1,0003C86A,0,000A1484
2d,0013ED60,2,1,000F95C0,0,000F95D4
2d,0013EE70,2,1,00009858,0,0000986C
2d,0013F0AC,10,1,000A13FC,0,000A1400
2d,0013F0C8,8,1,00010AD8,0,0003C992
2d,0013F334,8,1,00008480,0,00008490
2d,0013F620,10,1,0008C0B0,0,000A0176
2d,0013F630,10,1,0008C0D8,0,000A0178
2d,0013F640,10,1,0008C100,0,0008E274
2d,0013F828,8,1,000080E4,0,000A039C
2d,0013F848,10,1,000A017B,0,000A017C
2d,0013F86C,10,1,00008490,0,0008CA2C
2d,0013FC24,6,1,0006728A,0,0008938A
2d,0013FE78,10,1,000A2348,0,000A2350
2d,0013FE9C,11,1,0000E876,0,0008B968
2d,001400EC,10,1,000A0116,0,000A011B
2d,001400FC,10,1,000A0115,0,000A0118
2d,00140108,10,1,000A010F,0,000A0110
2d,00140280,11,1,00008574,0,000A010A
2d,00140E48,10,1,000A1188,0,000A1194
2d,00140E60,10,1,000A11A8,0,000A11C4
2d,00140FE4,10,1,000A1168,0,000A116C
2d,00140FF4,10,1,000A01E5,0,000A05BC
2d,00141000,10,1,000A05C0,0,000A05C4
2d,00141268,10,1,000A1184,0,000A1188
2d,001414E4,10,1,000A1224,0,000A1228
2d,001414F0,10,1,000A1230,0,000A1238
2d,001414FC,10,1,000A121C,0,000A1234
2d,00141508,10,1,000A1210,0,000A1214
2d,001415B8,10,1,00008470,0,000A1240
2d,001415C4,10,1,000A1248,0,000A124C
2d,00141628,10,1,000A01F3,0,000A01F4
2d,001417D4,10,1,000A1460,0,000A1464
2d,001417E0,10,1,000A146C,0,000A1474
2d,001417F0,10,1,000A1448,0,000A144C
2d,001417FC,10,1,000A1454,0,000A1458
2d,001418E4,10,1,000A147C,0,000A1480
2d,001418F0,10,1,000A1488,0,000A148C
2d,00141A0C,10,1,000A0206,0,000A14C8
2d,00141A18,10,1,000A0205,0,000A14CC
2d,00141C6C,10,1,0008EB24,0,0008EB40
2d,00141F7C,10,1,00008480,0,000A010A
2d,00142068,10,1,000A010A,0,000A1508
2d,001420D4,10,1,000A010A,0,000A150C
2d,001420F4,11,1,0000E876,0,0008CBDC
2d,00142300,10,1,00008480,0,000A157C
2d,00142330,10,1,000080E4,0,0008EE18
2d,00142384,8,1,0008EC20,0,0008EC3C
2d,00142390,8,1,0008EC74,0,0008EC90
2d,001423AC,10,1,0008ECAC,0,000A15AC
2d,0014253C,10,1,0008ECC8,0,000A15B4
2d,00142548,8,1,000A15B8,0,000A15BC
2d,00142554,8,1,000A15C0,0,000A15C4
2d,00142560,8,1,000A15C8,0,000A15CC
2d,00142574,10,1,0008ED54,0,000A15D4
2d,00142580,8,1,000A15D8,0,000A15DC
2d,0014258C,8,1,000A15E0,0,000A15E4
2d,00142598,8,1,000A15E8,0,000A15EC
2d,00142984,10,1,0000843C,0,000A1574
2d,00142990,10,1,000A020F,0,000A1570
2d,0014299C,10,1,0000855C,0,000A155C
2d,001429BC,10,1,000A1590,0,000A1594
2d,001429C8,10,1,000A1598,0,000A159C
2d,00142CD4,10,1,000A1600,0,000A1608
2d,00142CF0,10,1,000A0212,0,000A15F8
2d,00142D74,8,1,0008EE50,0,0008EE6C
2d,00142E0C,8,1,000080E4,0,0008EEDC
2d,001432D4,11,1,000A1614,0,000A1618
2d,00143320,10,1,000A162C,0,000A1630
2d,0014332C,10,1,000A0214,0,000A163C
2d,00143624,10,1,00008070,0,0008BC7C
2d,00143660,10,1,0000855C,0,000A0448
2d,00143670,10,1,000A1648,0,000A1650
2d,00143AE4,10,1,000A0218,0,000A1658
2d,00143BF8,10,1,000A0219,0,000A1664
2d,00143D0C,10,1,000A021A,0,000A1670
2d,00143E6C,10,1,000A010A,0,000A0223
2d,00143E78,10,1,000A16D4,0,000A16DC
2d,00144008,10,1,000A0224,0,000A16E0
2d,00144198,10,1,000A0225,0,000A16EC
2d,001444A4,8,1,0008F33C,0,0008F358
2d,001444C8,10,1,00008410,0,000A010A
2d,001444DC,10,1,000A0228,0,000A1740
2d,00144614,10,1,0008F374,0,000A1750
2d,00144620,8,1,000A1754,0,000A1758
2d,0014462C,8,1,000A175C,0,000A1760
2d,001448CC,10,1,0008F3E4,0,000A1750
2d,001448D8,8,1,000A1754,0,000A1758
2d,001448E4,8,1,000A175C,0,000A1760
2d,00144ED0,10,1,0008F5F8,0,000A1910
2d,00144EDC,8,1,000A1914,0,000A1918
2d,00144EE8,8,1,000A191C,0,000A1920
2d,00144EFC,8,1,0008DB04,0,0008DB20
2d,00144F20,10,1,00008410,0,000A01E7
2d,00145140,10,1,000A010A,0,000A195C
2d,001451C8,10,1,000A196C,0,000A1970
2d,001451F0,11,1,0003EE3E,0,0008CCF0
2d,00145308,10,1,000A0242,0,000A19DC
2d,001454BC,10,1,000A19E4,0,000A19E8
2d,001455C4,10,1,000A19F8,0,000A19FC
2d,00145654,10,1,000A0243,0,000A1A08
2d,00145714,10,1,000A1A10,0,000A1A14
2d,001457A4,10,1,000A0244,0,000A1A20
2d,0014586C,10,1,000A1A28,0,000A1A2C
2d,00145904,10,1,000A0245,0,000A1A38
2d,00145A40,10,1,000A0246,0,000A1A3C
2d,00145D04,8,1,0008F844,0,0008F860
2d,00145D34,10,1,000A0247,0,000A1A40
2d,00145E74,10,1,0008F87C,0,000A1A54
2d,00145E80,8,1,000A1A58,0,000A1A5C
2d,00145E8C,8,1,000A1A60,0,000A1A64
2d,0014612C,10,1,0008F924,0,000A1A54
2d,00146138,8,1,000A1A58,0,000A1A5C
2d,00146144,8,1,000A1A60,0,000A1A64
2d,001461C4,10,1,000A1A6C,0,000A1A70
2d,00146388,10,1,0008F9CC,0,000A1910
2d,00146394,8,1,000A1914,0,000A1918
2d,001463A0,8,1,000A191C,0,000A1920
2d,001467DC,10,1,000A0249,0,000A1A80
2d,001468E0,10,1,000A024A,0,000A1A84
2d,001469A0,10,1,000A024B,0,000A1A88
2d,001469CC,11,1,0000E876,0,0008CDE0
2d,001469F4,11,1,0000E876,0,0008CDEC
2d,00146AD4,10,1,000A024C,0,000A1A8C
2d,00146C68,10,1,000A024D,0,000A1A94
2d,00146E18,10,1,000A024E,0,000A1A98
2d,001470A8,11,1,0000E876,0,0008CE94
2d,00147404,10,1,000A010A,0,000A02A5
2d,001474FC,10,1,000A0540,0,000A0542
2d,001476CC,10,1,000A055C,0,000A055E
2d,001476DC,10,1,000A0546,0,000A0548
2d,001476E8,10,1,000A054C,0,000A054E
2d,001476FC,10,1,000A0552,0,000A0566
2d,0014770C,10,1,000A0556,0,000A056A
2d,00147764,11,1,000A0558,0,000A056C
2d,00147A30,10,1,000A22B8,0,000A22BC
2d,00147B38,10,1,000A22A0,0,000A22A4
2d,00147C3C,10,1,000A22D0,0,000A22D4
2d,00147C48,10,1,000A22DC,0,000A22E0
2d,00147C54,10,1,000A22E8,0,000A22EC
2d,00147C60,10,1,000A22F4,0,000A22F8
2d,00148104,10,1,000A2114,0,000A2118
2d,00148110,10,1,000A2120,0,000A2124
2d,001483B4,10,1,0008E044,0,000A0734
2d,001483C0,8,1,000A0738,0,000A073C
2d,001483CC,8,1,000A0740,0,000A0744
2d,001484D4,8,1,0008D3CC,0,0008D3E8
2d,001484F8,10,1,00008410,0,0004ABAE
2d,001486A8,10,1,000A0C98,0,000A0CA0
2d,00148B10,8,1,000A0CBC,0,000A0CC0
2d,00148B20,10,1,00089460,0,000A0CCC
2d,00148B2C,10,1,000A0CD4,0,000A0CD8
2d,00148B44,10,1,00089464,0,00089466
2d,00148D08,8,1,00089462,0,0008946C
2d,00148D18,10,1,00089470,0,000A036C
2d,00148D58,8,1,0008945F,0,0008947A
2d,00148D64,10,1,0008947C,0,000A0159
2d,00148FF0,10,1,0008E624,0,000A1058
2d,00148FFC,8,1,000A105C,0,000A1060
2d,00149008,8,1,000A1064,0,000A1068
2d,0014901C,8,1,0008D4E4,0,0008D500
2d,00149370,10,1,00008490,0,0008E704
2d,00149448,10,1,000A107C,0,000A1080
3d,001496D4,29,35,0009FFFF,00008490,000A10B8
2d,001496F0,8,1,00089466,0,0008946A
2d,001496FC,8,1,0008946E,0,00089470
2d,00149708,8,1,00089474,0,00089476
2d,00149714,8,1,0008947A,0,0008947C
2d,001498F4,11,1,000A1094,0,000A1098
2d,00149918,10,1,000A10A4,0,000A10A8
2d,00149B1C,10,1,000A10BC,0,000A10CC
2d,00149DB0,2,1,000A10EC,0,000A10F0
2d,00149DD0,10,1,00008444,0,000A10DC
2d,00149DE8,10,1,0000830C,0,000A01D4
2d,00149F20,10,1,000A01D5,0,000A01D6
2d,0014A638,10,1,000A09A8,0,000A09AC
2d,0014A814,8,1,0008A134,0,000A1F3C
2d,0014AAC4,10,1,000A1F70,0,000A1F74
2d,0014AAD0,10,1,0000855C,0,000A04E8
2d,0014B1A4,10,1,000A0D4C,0,000A0D54
2d,0014B294,9,1,0009B13C,0,0009B1F1
2d,0014B2A0,9,1,0009B2E2,0,0009B37D
2d,0014B2AC,9,1,0009B3BE,0,0009B638
2d,0014B2B8,9,1,0009B4B2,0,0009B4C0
2d,0014B620,10,1,000A05D4,0,000A0634
2d,0014B630,10,1,00008324,0,0008BE5C
2d,0014B668,10,1,000A060C,0,000A061C
2d,0014B674,10,1,000A0052,0,000A0610
2d,0014B7EC,10,1,000A0614,0,000A0640
2d,0014B7FC,10,1,00008324,0,000A0048
2d,0014BB18,10,1,000A05FC,0,000A0600
2d,0014BF7C,10,1,00008574,0,000A004E
2d,0014BFA0,10,1,000A0648,0,000A0650
2d,0014C69C,8,1,000080B4,0,0008C5BC
2d,0014C7F4,10,1,00008470,0,00008480
2d,0014CD08,10,1,000A17D4,0,000A17D8
2d,0014CD9C,8,1,0000B930,0,00089F1C
2d,0014CEE8,10,1,000A02D4,0,000A02D6
2d,0014CFF0,9,1,000A0062,0,000A0063
2d,0014D200,10,1,000A02DC,0,000A02DE
2d,0014D874,10,1,000A02EA,0,000A02EC
2d,0014DEA0,10,1,000A02F2,0,000A02F4
2d,0014E404,10,1,000A0070,0,000A0071
2d,0014E438,6,1,0006A48E,0,0006A4BC
2d,0014EA3C,10,1,000A0087,0,000A008A
2d,0014EA48,10,1,000A008C,0,000A008D
2d,0014EC3C,10,1,000A008F,0,000A0090
2d,0014EF28,10,1,0000843C,0,000A07D0
2d,0014F51C,10,1,00008574,0,000A00B3
2d,00150B84,10,1,000A00B7,0,000A00B8
2d,00150B90,10,1,000A00BA,0,000A00BB
2d,00150D5C,10,1,000A00C1,0,000A00C2
2d,00150D68,10,1,000A00BE,0,000A00BF
2d,00150FD4,10,1,00089CCC,0,00089F1C
2d,00150FE4,5,1,0000BABE,0,0008948C
2d,00151128,5,1,00050FA4,0,00089CCC
2d,001511EC,4,1,0004ECC2,0,0004F590
2d,001511FC,5,1,0004F900,0,0004FAF2
2d,00151208,4,1,0006A5FC,0,00089ECC
2d,0015121C,6,1,0004F16A,0,0004FE94
2d,00151304,8,1,0004D040,0,0004D6B4
2d,00151310,4,1,0004CF74,0,00075C8C
2d,0015131C,4,1,0004E2D4,0,00050A20
2d,0015132C,5,1,0004CDAC,0,0004EB28
2d,00151338,6,1,0005293C,0,0005294C
2d,00151598,10,1,000510B2,0,00073E40
2d,001515A4,5,1,00051728,0,0005212A
2d,00151810,7,1,00051580,0,00051588
2d,00151A30,5,1,0004D024,0,0004D698
2d,00151A40,4,1,0004CF70,0,0004E820
2d,00151A4C,4,1,0004E2D0,0,00075C70
2d,00151A58,6,1,0004F2C0,0,0004F52C
2d,00151A68,4,1,0004F140,0,00050C40
2d,00151A74,5,1,00050E5C,0,0005C56C
2d,00151BBC,9,1,00051438,0,00051730
2d,00151BCC,4,1,0004E7F4,0,00076072
2d,00151BD8,4,1,0004D792,0,0004DDF6
2d,00151C00,5,1,0004F484,0,0006C814
2d,00151E40,6,1,00050F1C,0,000524DE
2d,00151F4C,4,1,00050F1C,0,000524DE
2d,0015296C,9,1,00050ECE,0,00050F66
2d,00152978,10,1,00051016,0,00073E2C
2d,00152C28,8,1,00008128,0,000A02B1
2d,00152ECC,10,1,000A02FE,0,000A0300
2d,00152F4C,10,1,000A0135,0,000A0350
2d,001536D8,8,1,000080E4,0,0008C2DC
2d,001536E8,8,1,000080B4,0,0008B8EC
2d,001536F8,8,1,0008BC54,0,0008C32C
2d,00153DB8,10,1,000A022A,0,000A17A8
2d,00154018,10,1,000A045A,0,000A17AC
2d,00154260,10,1,000085BC,0,000A0460
2d,001544E0,10,1,00008470,0,0008FC34
2d,00154778,10,1,00008574,0,000A0299
2d,0015490C,8,1,000A2178,0,000A217C
2d,00154B24,10,1,00008480,0,000A11F0
2d,00154D04,10,1,000A1418,0,000A1420
2d,00154EEC,10,1,000A0ED8,0,000A0EE0
2d,00154F04,10,1,0000855C,0,000A03B0
2d,001550FC,10,1,000A0380,0,000A0382
2d,00155814,10,1,0008D1A4,0,000A1708
2d,00155948,10,1,00008470,0,000A16F8
2d,00155ADC,8,1,0008B9F4,0,0008BA08
2d,00156520,8,1,00008070,0,0008D188
2d,00156C98,10,1,000A010A,0,000A1A9C
2d,00156CA8,8,1,00008490,0,00089458
2d,00157070,5,1,0005CA64,0,0005CA76
2d,00157184,5,1,0000FF00,0,0005CAB4
2d,001574C0,10,1,000238B2,0,00023F72
2d,001575FC,10,1,00024146,0,000A1808
2d,0015760C,10,1,00024712,0,000A17DC
2d,00157794,10,1,0000843C,0,000A0A04
2d,00157D48,10,1,000A0A44,0,000A0A48
2d,0015801C,3,1,00009858,0,0000986C
2d,001582E4,10,1,00008574,0,000A0A84
2d,001583BC,10,1,0000E8DE,0,0003037A
2d,001584F4,8,1,000080E4,0,0008A13E
2d,001585EC,10,1,00008574,0,000A0126
2d,00158720,10,1,0000843C,0,000A0AA8
2d,00158A30,10,1,000A0334,0,000A033A
2d,00158AF8,11,1,0000855C,0,0000FFFF
2d,00158D08,10,1,000A012B,0,000A012C
2d,00159024,10,1,000A0AD4,0,000A0ADC
2d,00159030,10,1,000A0AE4,0,000A0AF4
2d,00159048,10,1,0000855C,0,000A0344
2d,00159054,10,1,0000FFFF,0,0003037A
2d,001590D8,10,1,0003037A,0,000A0AF8
2d,00159424,10,1,000A10F4,0,000A1514
2d,00159608,10,1,000A1530,0,000A1538
2d,0015961C,10,1,000A1524,0,000A152C
2d,00159630,10,1,000A1518,0,000A1520
2d,00159738,10,1,000A153C,0,000A1544
2d,00159744,4,1,000A1550,0,000A1554
2d,00159A70,10,1,0000855C,0,000A04C6
2d,00159CE0,8,1,00089462,0,000A0284
2d,00159D00,10,1,000A0282,0,000A1EA0
2d,00159D1C,10,1,0008948A,0,000A1EAC
2d,00159F30,10,1,0000855C,0,000A04D2
2d,0015A40C,10,1,000A1EEC,0,000A1EF4
2d,0015A418,10,1,000A1EE8,0,000A1EF8
2d,0015A424,10,1,0000855C,0,000A04D8
2d,0015A640,10,1,000A1EFC,0,000A1F04
2d,0015A8AC,10,1,00008574,0,000A028A
2d,0015A970,10,1,00008574,0,000A028B
2d,0015AC28,8,1,00089462,0,000A1FA4
2d,0015AC48,10,1,000A028D,0,000A1FC0
2d,0015AC64,10,1,0008948A,0,000A1FD0
2d,0015AE70,10,1,00008470,0,00008480
2d,0015AE90,10,1,0000855C,0,000A04FC
2d,0015B258,10,1,000A050E,0,000A20F0
2d,0015B9BC,2,1,00026F8A,0,00026F90
2d,0015B9C8,2,1,000276BA,0,000276C0
2d,0015C5D4,9,1,0009B031,0,0009B03B
2d,0015C5E0,9,1,0009B095,0,0009B0A2
2d,0015C5EC,9,1,0009B16E,0,0009B1E0
2d,0015CD08,8,1,0000855C,0,000513DC
2d,0015CE20,5,1,00056D96,0,00056DBA
2d,0015D0DC,9,1,0009A06E,0,0009B22D
2d,0015D0EC,9,1,0009A066,0,0009B2B8
2d,0015D114,9,1,0009A052,0,0009B305
2d,0015D124,9,1,0009A04A,0,0009B349
2d,0015D134,9,1,0009A042,0,0009B3B7
2d,0015D144,9,1,0009A03A,0,0009B404
2d,0015D154,9,1,0009A032,0,0009B44F
2d,0015D164,9,1,0009A02A,0,0009B48F
2d,0015D174,9,1,0009A022,0,0009B50B
2d,0015D184,9,1,0009A01A,0,0009B531
2d,0015D194,9,1,0009A012,0,0009B5EA
2d,0015D1A4,9,1,0009A00A,0,0009B62C
2d,0015D1B4,9,1,0009A002,0,0009B65B
2d,0015D33C,5,1,00056D96,0,00056DBA
2d,0015D830,15,1,000A0192,0,000A0193
2d,0015D840,10,1,000A0190,0,000A0191
2d,0015D84C,10,1,000A0197,0,000A0198
2d,0015D9C8,10,1,000A019E,0,000A019F
2d,0015D9D4,10,1,000A01A1,0,000A01A2
2d,0015D9E4,10,1,00016312,0,000A0020
2d,0015DB5C,10,1,000A018B,0,000A018C
2d,0015DB68,10,1,000A018E,0,000A018F
2d,0015DB78,10,1,000A01A6,0,000A01A7
2d,0015DB84,10,1,000A01A9,0,000A01AA
2d,0015DEC8,8,1,000A0000,0,000A0183
2d,0015DED4,10,1,000A0185,0,000A0186
2d,0015DEE0,10,1,000A0188,0,000A0189
2d,0015DF7C,5,1,00056D96,0,00056DBA
2d,0015E0A4,5,1,00056D96,0,00056DBA
2d,0015E1B4,5,1,00056D96,0,00056DBA
2d,0015E2B0,2,1,0000EDCB,0,00027112
2d,0015E3E0,5,1,00056D96,0,00056DBA
2d,0015E3EC,10,1,000510B2,0,00073E40
2d,0015E4A8,5,1,00056D96,0,00056DBA
2d,0015E5FC,5,1,00056D96,0,00056DBA
2d,0015E748,5,1,000FEFF8,0,000FEFF9
2d,0015E754,15,1,0002FBF0,0,00089E6C
2d,0015E974,15,1,0000855C,0,00089E6C
2d,0015EF88,6,1,0006111A,0,000612B0
2d,0015EF94,6,1,00056DBA,0,00056DEA
2d,0015F134,5,1,0006150C,0,00089704
2d,0015F26C,8,1,0000FFFF,0,0005CCF4
2d,0015FB60,10,1,000A0F1C,0,000A0F28
2d,00161738,5,1,0005CD9E,0,0005EC2A
2d,00161744,6,1,0005CCF4,0,0005E1C0
2d,00161750,6,1,00066E78,0,0006720A
2d,0016199C,5,1,00056D96,0,00056DBA
2d,00161F28,10,1,000A212C,0,000A2134
2d,00162878,6,1,000639B4,0,00063F30
2d,00162998,6,1,0006485C,0,00064AB4
2d,001629A4,6,1,00064F24,0,0006504C
2d,001629B0,6,1,000652EA,0,000654F4
2d,001629BC,6,1,00065C10,0,00065CCE
2d,001629C8,6,1,00065DD4,0,00065E50
2d,001629D4,6,1,00065F7E,0,00065F98
2d,001629E0,6,1,000661D4,0,000664D0
2d,00162B00,6,1,00066E78,0,00067438
2d,00162B0C,5,1,00056D96,0,00056DBA
2d,00162CB8,6,1,0006C55E,0,0006C564
2d,00162E4C,6,1,0006C558,0,0006C55E
2d,00162F64,6,1,0006C57C,0,0006C582
2d,00163054,9,1,0006C576,0,0006C57C
2d,00163060,6,1,0006C588,0,0006C58E
2d,0016475C,9,1,0009A026,0,0009B030
2d,0016519C,9,1,0009A00B,0,0009B015
2d,00165DB4,7,1,000804C0,0,000804CC
2d,00165DC4,2,1,0000E876,0,000A1B98
2d,00166138,5,1,00052CAE,0,0006A02E
2d,00166160,10,1,00053926,0,000546A2
2d,00166174,10,1,00008444,0,0000858C
2d,00166820,10,1,000A03C6,0,000A03C8
2d,00166978,9,1,0009A00B,0,0009B031
2d,001671E4,9,1,0009BE19,0,0009D34D
2d,00167300,6,1,000638C8,0,00064364
2d,0016730C,6,1,000652B8,0,00065788
2d,00167318,6,1,00064D60,0,00065EE8
2d,001676FC,10,1,0002CDDA,0,000A19A8
2d,0016771C,8,1,00008070,0,000A19A0
2d,00167730,8,1,00008490,0,000A1998
2d,001677DC,8,1,00008070,0,000A0754
2d,001684EC,8,1,0008D0D4,0,000A0C88
2d,001684F8,10,1,0008D10C,0,000A0C90
2d,00168508,8,1,000080E4,0,0004ABAE
2d,00168730,10,1,000A2034,0,000A2038
2d,00168748,10,1,0000855C,0,000A04F6
2d,001688A0,10,1,000A1E34,0,000A1E38
2d,001688AC,10,1,0000855C,0,000A04CA
2d,001688BC,10,1,000A027F,0,000A0281
2d,001689F8,10,1,000A1F58,0,000A1F60
2d,00168C20,10,1,000A1780,0,000A1788
2d,00168C38,10,1,0000855C,0,000A0456
2d,00168D8C,10,1,000A1798,0,000A17A4
2d,0016904C,10,1,0006721A,0,000A01AE
2d,0016914C,10,1,000A0F60,0,000A0F64
2d,00169250,8,1,000A03CC,0,000A0F40
2d,00169450,16,1,000A03D0,0,000A0F3C
2d,00169798,10,1,00008574,0,0003037A
2d,001698AC,10,1,000A0328,0,000A032A
2d,001699BC,8,1,00008070,0,0003037A
2d,00169D74,10,1,000A18EC,0,000A18F0
2d,00169E78,10,1,00008410,0,0000858C
2d,0016A244,5,1,00056D96,0,00056DBA
2d,0016AD60,10,1,0000855C,0,000A031A
2d,0016BB3C,9,1,0009A02B,0,0009B179
2d,0016CBA4,6,1,0006C5EE,0,0006C5F4
2d,0016CBCC,6,1,0006C55E,0,0006C564
2d,0016D7A0,5,1,00050FF8,0,0006723C
2d,0016DAF4,6,1,0006C56A,0,0006C5FC
2d,0016E76C,10,1,000A0DE0,0,000A0DE8
2d,0016E8BC,10,1,000A0DC0,0,000A0DC8
2d,0016EA98,10,1,00008470,0,000A0D8C
2d,0016EBC0,9,1,0009B0D0,0,0009D41A
2d,0016F2D8,10,1,000A009F,0,000A00A0
2d,0016F2E4,10,1,000A00A2,0,000A00A3
2d,0016F314,5,1,0000830C,0,0000E876
2d,0016FD18,128,1,000A00C6,0,000A00C7
2d,0016FD24,10,1,000A00C9,0,000A00CA
2d,0016FD30,10,1,000A00CC,0,000A00CD
2d,0016FFC8,10,1,000A0094,0,000A0095
2d,00170138,10,1,000A0097,0,000A0098
2d,00170144,10,1,000A009A,0,000A009B
2d,00170394,8,1,00008070,0,000A07A4
2d,00170EC4,10,1,00008574,0,000A00B5
2d,001716A4,10,1,000A00DF,0,000A00E0
2d,001716B0,10,1,000A00E2,0,000A00E3
2d,001717F0,10,1,000A00E5,0,000A00E6
2d,00171A18,10,1,000A00E9,0,000A00EA
2d,00171A24,10,1,000A00EC,0,000A00ED
2d,00171D94,128,1,000A00EF,0,000A00F0
2d,00171DA0,10,1,000A00F2,0,000A00F3
2d,00171DAC,10,1,000A00F5,0,000A00F6
2d,00171FCC,10,1,000A00F8,0,000A00F9
2d,00171FD8,10,1,000A00FB,0,000A00FC
2d,001727AC,10,1,000A00D0,0,000A00D1
2d,00172A74,10,1,000A00D5,0,000A00D6
2d,00172A80,10,1,000A00D8,0,000A00D9
2d,00173A2C,9,1,0009000B,0,0009009C
2d,00173E9C,8,1,000707E4,0,00089CAE
2d,00173EAC,8,1,00070694,0,00072E78
2d,00173EBC,7,1,0005293C,0,0007360C
2d,00173FB4,7,1,00070F66,0,00071182
2d,001740AC,8,1,0006D76E,0,0006D820
2d,001740BC,7,1,00071C50,0,00072116
2d,001740CC,7,1,0006F124,0,0006FFF8
2d,00174130,7,1,0006FC04,0,00071558
2d,00174318,11,1,00051430,0,00073458
2d,00174324,5,1,0006A5D6,0,00071E74
2d,0017433C,7,1,000714A0,0,00072858
2d,00174348,7,1,0006FC00,0,00072DEC
2d,00174354,7,1,000703A8,0,00071232
2d,00174360,6,1,0006F114,0,0006FFE4
2d,0017436C,7,1,0005C56C,0,0006D7BC
2d,001743A4,7,1,00070678,0,00072F82
2d,00174464,5,1,00051730,0,000734D2
2d,00174478,7,1,0006F1CC,0,0006F1E8
2d,00174488,7,1,00071916,0,00071950
2d,0017456C,7,1,00070680,0,00072F8A
2d,00174580,7,1,000703D8,0,00072E1C
2d,0017468C,7,1,00050F1C,0,0007388A
2d,00174FD8,10,1,000A2238,0,000A2244
2d,001752B8,10,1,00008470,0,000A1020
2d,00175AE8,10,1,000A040A,0,000A12F0
2d,00175AF8,10,1,000A040C,0,000A12F4
2d,00175B04,10,1,000A1304,0,000A1308
2d,00175C34,10,1,000A040E,0,000A12F8
2d,00175C44,10,1,000A0400,0,000A12F0
2d,00175C54,10,1,000A12FC,0,000A1310
2d,00175C64,10,1,000A0408,0,000A1300
2d,00175E6C,10,1,000A0083,0,000A0084
2d,00176148,10,1,00008444,0,000A1904
2d,001762C4,5,1,00056D96,0,00056DBA
2d,0017667C,8,1,00018178,0,000197A6
2d,0017668C,15,1,00078D20,0,000F9E28
2d,0017669C,15,1,000A01FA,0,000FAC4A
2d,00177348,15,1,0002FBF0,0,000FEE68
2d,00178304,10,1,0000858C,0,0000FFFF
2d,001799E0,5,1,00056D96,0,00056DBA
2d,00179A14,5,1,00056D96,0,00056DBA
2d,00179A44,5,1,00056D96,0,00056DBA
2d,00179B58,10,1,000186A0,0,0003037A
2d,00179DC4,10,1,000A0484,0,000A1B54
2d,00179DEC,10,1,000A1B40,0,000A1B44
2d,00179FEC,8,1,0008BD08,0,0008BD44
2d,00179FFC,8,1,0008BD1C,0,0008BD58
2d,0017A00C,8,1,0008BD30,0,0008BD6C
2d,0017A034,10,1,0000855C,0,000A0480
2d,0017A7D0,10,1,000A1F88,0,000A1F8C
2d,0017A7E4,10,1,0000855C,0,000A04EC
2d,0017AAF0,8,1,00008070,0,000A02C4
2d,0017ACD0,8,1,00008070,0,000A06E0
2d,0017ACDC,10,1,0000855C,0,000A02C0
2d,0017ACE8,10,1,000A02BE,0,000A06E8
2d,0017AECC,10,1,00008444,0,00008490
2d,0017B3E4,10,1,000A2274,0,000A2278
2d,0017B3F0,10,1,000A2280,0,000A2284
2d,0017B3FC,10,1,000A228C,0,000A2290
2d,0017B6B8,8,1,00008070,0,000A22C4
2d,0017B784,10,1,0000855C,0,000277D8
2d,0017B9EC,10,1,000A02A9,0,000A22FC
2d,0017B9F8,10,1,000A2304,0,000A2308
2d,0017BBE4,10,1,000A02AC,0,000A02AD
2d,0017BEDC,10,1,000A07EC,0,000A07F8
2d,0017BEEC,10,1,000A07FC,0,000A0808
2d,0017C3B8,3,1,0003CAB6,0,0003CAD0
2d,0017C4A8,10,1,00008574,0,000A1FA0
2d,0017C5F0,10,1,00008574,0,0003037A
2d,0017C80C,15,1,0000205C,0,000FFFFF
2d,0017C94C,10,1,00008574,0,000A026D
2d,0017CBC0,10,1,000A1128,0,000A112C
2d,0017CE20,10,1,00008490,0,000A03EC
2d,0017CEF0,10,1,000A07E0,0,000A1124
2d,0017CF08,10,1,000A07DC,0,000A07E8
2d,0017D1EC,10,1,00008070,0,000A0060
2d,0017D204,8,1,0008B818,0,0008B82C
2d,0017D240,10,1,000A0784,0,000A078C
2d,0017D24C,10,1,000A005F,0,000A0780
2d,0017D41C,10,1,000A010A,0,000A0277
2d,0017D618,10,1,00008410,0,0000843C
2d,0017D658,10,1,000A1DB8,0,000A1DBC
2d,0017D940,8,1,00008070,0,000A1128
2d,0017DBD0,8,1,00008070,0,000A06D4
2d,0017DE14,10,1,000A06C8,0,000A06CC
2d,0017DE38,10,1,00008490,0,000A06D4
2d,0017E11C,10,1,000A01F5,0,000A1344
2d,0017E138,10,1,000A01F6,0,000A133C
2d,0017E148,10,1,0008E800,0,000A134C
2d,0017E2C0,10,1,0008E81C,0,000A1354
2d,0017E2CC,8,1,000A1358,0,000A135C
2d,0017E2E4,8,1,0008D5A8,0,0008D5C4
2d,0017E308,10,1,00008410,0,0004ABAE
2d,0017E530,8,1,00008070,0,000A1D1C
2d,0017E53C,10,1,000A1D24,0,000A1D28
2d,0017E54C,10,1,000A1D30,0,000A1D34
2d,0017E804,10,1,0008DF10,0,000A06A0
2d,0017E810,8,1,000A06A4,0,000A06A8
2d,0017E81C,8,1,000A06AC,0,000A06B0
2d,0017E830,8,1,0008D35C,0,0008D378
2d,0017E9C0,10,1,000A1DF8,0,000A1DFC
2d,0017EABC,10,1,000A1E04,0,000A1E08
2d,0017EB4C,10,1,000A0A0C,0,000A0A10
2d,0017EC18,10,1,000A0A1C,0,000A0A20
2d,0017EEE4,10,1,000A01DC,0,000A1128
2d,0017F788,8,1,0000855C,0,00087D24
2d,0017F8DC,7,1,0007F09E,0,0007F0B6
2d,0017F8E8,7,1,0007F0E2,0,0007F0F6
2d,0017FB88,4,1,000A0838,0,000A0864
2d,0017FDBC,10,1,00008490,0,000A0108
2d,0017FDCC,10,1,0008B868,0,000A0105
